,dbn,ela_pct_ch,math_pct_ch,is_co_located,borough_code,economic_need_index_y,total_enrollment,disability,ell,poverty
0,01M015,10.71428571,15.64285714,TRUE,M,0.867,0,-0.992923977,-0.11,-0.093333333
1,01M019,3.3,1.353276353,FALSE,M,0.704,-0.171929825,-0.98724359,-0.613636364,-0.001338688
2,01M020,2.041237113,1.466192171,FALSE,M,0.784,-0.264659271,-0.99,-0.206060606,0.074647887
3,01M034,1.310126582,0.424657534,FALSE,M,0.95,-0.246819338,-0.987957317,-0.109375,0.001053741
4,01M063,3.055172414,1.99378882,TRUE,M,0.784,0.279329609,-0.990606061,-0.511111111,-0.045679012
5,01M064,4.186440678,4.408163265,TRUE,M,0.916,-0.177700348,-0.991768116,-0.742424242,0.009977827
6,01M110,1.407554672,1.30153322,FALSE,M,0.627,-0.048076923,-0.992797619,-0.479166667,0.146892655
7,01M134,3.47706422,1.1875,FALSE,M,0.946,-0.229559748,-0.984678571,-0.506756757,0.027027027
8,01M140,3.52,2.613333333,FALSE,M,0.933,-0.053435115,-0.988681948,-0.478571429,0.120150188
9,01M142,2.9375,1.8,TRUE,M,0.902,-0.143229167,-0.989225806,-0.192771084,-0.027635619
10,01M184,1.120535714,1.040150565,FALSE,M,0.671,0.058383234,-0.985526316,0.029411765,-0.066197183
11,01M188,3.890625,3.028846154,TRUE,M,0.95,-0.205588822,-0.987935943,-0.355263158,0.089449541
12,01M315,1.655913978,1.603365385,TRUE,M,0.382,0.195652174,-0.993741259,0.285714286,-0.068322981
13,01M332,3.738095238,1.628205128,TRUE,M,0.817,1.18,-0.985107143,-0.791666667,-0.117021277
14,01M361,1.885993485,1.576547231,TRUE,M,0.536,0.302325581,-0.990117188,-0.093023256,-0.016632017
15,01M363,1.510204082,1.106312292,TRUE,M,0.462,0.02,-0.992178571,-0.606060606,-0.064876957
16,01M364,0.693037975,0.571884984,TRUE,M,0.572,0.081761006,-0.984769231,-0.078947368,0.380722892
17,01M378,2.60483871,1.661904762,TRUE,M,0.854,-0.163934426,-0.985412186,-0.48125,0.196353436
18,01M450,2.238434164,1.858934169,TRUE,M,0.653,0.047765794,-0.990724138,-0.166666667,-0.124165554
19,01M539,1.031712474,1.053304904,FALSE,M,0.291,0.046956522,-0.975128205,3.333333333,-0.136690647
20,01M839,1.672131148,1.479674797,TRUE,M,0.642,-0.050397878,-0.989664179,-0.645833333,-0.063583815
21,02M001,1.413513514,1.064638783,FALSE,M,0.817,-0.502016129,-0.9848,-0.390769231,0.083569405
22,02M002,1.820728291,1.115030675,FALSE,M,0.921,-0.45377129,-0.986036585,-0.318471338,-0.014522822
23,02M003,1.163833076,1.254372019,FALSE,M,0.213,-0.116336634,-0.989637306,-0.157894737,0.215189873
24,02M006,1.19478738,1.154145078,FALSE,M,0.086,-0.137150466,-0.99,0.466666667,0.491525424
25,02M011,1.345878136,1.13323124,FALSE,M,0.39,0.097560976,-0.990067114,-0.1,-0.08490566
26,02M033,1.32231405,1.318275154,TRUE,M,0.496,0.0625,-0.986829268,0.321428571,-0.088291747
27,02M040,1.334351145,1.194751381,TRUE,M,0.115,0.178451178,-0.991860465,1.166666667,-0.163793103
29,02M041,1.189069424,1.169559413,FALSE,M,0.086,-0.155499368,-0.990819672,0.066666667,0.470588235
30,02M042,1.295652174,1.002594034,FALSE,M,0.787,-0.296717172,-0.985522388,-0.208609272,0.008486563
31,02M051,2.26,1.595611285,TRUE,M,0.627,0.605263158,-0.993300654,-0.372881356,0.023090586
32,02M059,1.424390244,1.164835165,TRUE,M,0.091,0.066889632,-0.991055901,-0.059701493,-0.308333333
33,02M077,1.090301003,1.088008801,TRUE,M,0.113,0.040229885,-0.994920635,inf,0.666666667
34,02M089,1.41903172,1.312781955,TRUE,M,0.1,-0.038135593,-0.991944444,1.34375,0.475
35,02M104,1.524752475,1.319715808,FALSE,M,0.452,0.064796905,-0.990842697,-0.7,-0.312312312
36,02M111,3.472972973,2.714285714,TRUE,M,0.619,-0.178236398,-0.990836237,-0.314102564,-0.125
37,02M114,1.149635036,1.105625718,TRUE,M,0.145,0.031602709,-0.989625,inf,-0.014285714
38,02M116,1.115085537,1.009036145,FALSE,M,0.368,-0.309392265,-0.989032258,-0.120879121,-0.120643432
39,02M124,1.380097879,1.300283286,FALSE,M,0.608,-0.219399538,-0.983737374,-0.336448598,0
40,02M126,1.431771894,1.172248804,FALSE,M,0.786,-0.151010702,-0.987409639,-0.335106383,-0.04556962
41,02M130,1.388193202,1.225531915,FALSE,M,0.569,-0.203203203,-0.98625,0.066666667,-0.1121673
42,02M131,2.894117647,1.726287263,TRUE,M,0.852,-0.316853933,-0.989559471,-0.487750557,-0.080495356
43,02M150,1.2125,1.390163934,FALSE,M,0.11,0.032608696,-0.990316456,-0.037037037,0.19047619
44,02M151,1.257142857,1.178506375,FALSE,M,0.397,-0.020618557,-0.98877193,-0.375,0.033057851
45,02M158,1.263157895,1.069281046,TRUE,M,0.109,0.076305221,-0.992718894,0.257142857,-0.240601504
46,02M167,1.53875969,1.436802974,FALSE,M,0.284,0.000743494,-0.989221557,-0.260869565,-0.370762712
47,02M183,1.453658537,1.241958042,FALSE,M,0.064,-0.00330033,-0.992413793,0.490566038,0.106382979
48,02M198,3.839779006,2.9625,TRUE,M,0.356,-0.008080808,-0.98969697,-0.063492063,-0.395833333
49,02M212,1.234177215,1.058988764,TRUE,M,0.297,0.078717201,-0.992662722,0.230769231,-0.059322034
50,02M217,1.825268817,1.792207792,FALSE,M,0.261,0.235521236,-0.989166667,1.082191781,-0.323383085
51,02M225,1.984536082,1.896440129,TRUE,M,0.37,0.040752351,-0.989362745,-0.571428571,-0.251173709
52,02M234,1.285714286,1.319749216,FALSE,M,0.101,-0.187261146,-0.991827957,-0.153846154,0.561403509
53,02M255,1.070615034,1.145522388,TRUE,M,0.146,0.013227513,-0.988623188,inf,-0.236024845
55,02M260,1.513866232,1.533112583,FALSE,M,0.222,1.917293233,-0.992242991,-1,-0.47706422
56,02M276,1.2074883,1.278637771,TRUE,M,0.154,-0.024,-0.987352941,0,0.415254237
57,02M289,1.267006803,1.214890017,TRUE,M,0.512,-0.058020478,-0.98742515,3.714285714,0.257069409
58,02M290,1.302052786,1.122605364,FALSE,M,0.099,-0.151111111,-0.98975,-0.326530612,0.041322314
59,02M312,1.063805104,1.001082251,TRUE,M,0.359,0.052356021,-0.991733333,1.666666667,0.061538462
60,02M347,5.765765766,9.481481481,TRUE,M,0.694,-0.154205607,-0.990223464,1.214285714,-0.036656891
61,02M397,1.526819923,1.305642633,TRUE,M,0.179,0.549723757,-0.983082707,0.08,1.301204819
62,02M407,1.23089172,1.53256705,TRUE,M,0.368,0.044871795,-0.97030303,-1,0.368200837
63,02M408,0.945432977,1.442940039,TRUE,M,0.376,0.126953125,-0.976666667,0.5,-0.068047337
64,02M413,1.216312057,0.862385321,FALSE,M,0.443,0.002797203,-0.985135135,0.833333333,0.105128205
65,02M422,1.099514563,0.8,TRUE,M,0.727,0.215481172,-0.989892086,0.32,0.705463183
66,02M442,1.645875252,1.163447251,FALSE,M,0.475,-0.053691275,-0.976296296,1.692307692,-0.218800648
67,02M896,2.306451613,1.577565632,TRUE,M,0.52,0.08,-0.989621993,-0.575471698,-0.29317852
69,03M009,1.161103048,1.129476584,TRUE,M,0.178,-0.037037037,-0.986122449,-0.347826087,-0.197368421
70,03M054,1.244475138,1.144385027,FALSE,M,0.272,0.012269939,-0.986363636,-0.260869565,-0.131274131
71,03M075,1.992063492,1.511111111,TRUE,M,0.664,-0.143327842,-0.983320611,-0.108843537,-0.036775106
72,03M076,2.724770642,1.12962963,TRUE,M,0.945,-0.25502008,-0.987128205,0.162790698,0.032608696
73,03M084,2.063253012,1.580152672,FALSE,M,0.381,0.328820116,-0.991010638,-0.313253012,-0.359259259
74,03M087,1.187853107,1.205091938,FALSE,M,0.127,-0.03,-0.989942529,-0.189189189,-0.078651685
75,03M145,2.202247191,1.747747748,TRUE,M,0.777,-0.029484029,-0.985233645,-0.266666667,0.034782609
76,03M149,3.742857143,5.888888889,TRUE,M,0.938,-0.362831858,-0.991856678,0.5625,0.073446328
77,03M163,1.524590164,1.273255814,FALSE,M,0.529,-0.1312,-0.986624204,0.067567568,-0.068965517
78,03M165,2.087136929,2.504464286,TRUE,M,0.642,-0.496503497,-0.989116022,-0.508571429,-0.21875
79,03M166,1.505067568,1.440625,FALSE,M,0.173,0.11952862,-0.991851852,-0.655737705,-0.532423208
80,03M180,1.865497076,1.365979381,FALSE,M,0.716,-0.164495114,-0.986291391,0.455882353,-0.071524966
81,03M191,2.75,1.688622754,FALSE,M,0.71,0.031128405,-0.990073529,-0.434210526,-0.14160401
82,03M199,1.173387097,1.123234917,FALSE,M,0.13,-0.091885442,-0.987320261,-0.043478261,0.278481013
83,03M241,2.351648352,4.795454545,TRUE,M,0.932,-0.02020202,-0.989133127,0.183206107,0.033732318
84,03M242,1.071942446,1.644736842,TRUE,M,0.865,-0.372197309,-0.989724771,-0.159574468,-0.056603774
85,03M243,1.133995037,1.473321859,TRUE,M,0.212,0.07860262,-0.973783784,,0.229357798
86,03M245,1.615841584,1.493801653,TRUE,M,0.361,-0.01946472,-0.987239264,-0.294117647,-0.106145251
87,03M247,4.160714286,1.72,TRUE,M,0.859,0.184615385,-0.987345133,-0.139705882,-0.082089552
88,03M250,1.166666667,1.770833333,TRUE,M,0.771,-0.2,-0.9875,-0.220588235,0.053900709
89,03M256,11.41666667,inf,TRUE,M,0.646,-0.100628931,-0.992432432,-0.258278146,-0.232922732
90,03M258,3.482758621,2.703125,TRUE,M,0.793,-0.054263566,-0.991419355,1.205128205,0.142428786
91,03M333,1.450097847,1.571428571,TRUE,M,0.314,-0.106355383,-0.9875,0.277777778,0.126984127
92,03M334,1.023206751,1.006103764,TRUE,M,0.149,-0.09375,-0.968,-1,0.268041237
93,03M415,11.5,inf,TRUE,M,0.894,-0.410546139,-0.989371981,-0.25,0.186369958
94,03M421,4.404494382,2.717391304,TRUE,M,0.866,-0.144859813,-0.983363636,-0.057142857,0.185915493
95,03M859,1.119402985,1.072984749,TRUE,M,0.295,0.602094241,-0.988761905,-0.730769231,0.368794326
96,03M860,3.033333333,5.060606061,TRUE,M,0.894,-0.251748252,-0.98996063,0.08988764,0.074213836
97,03M862,1.543766578,0.891566265,TRUE,M,0.598,0.202898551,-0.983378378,1.05,0.003484321
98,04M007,1.808080808,1.497607656,FALSE,M,0.929,-0.063938619,-0.989225092,-0.264150943,0.094159714
99,04M012,1.217948718,1.260700389,TRUE,M,0.389,0.125703565,-0.98877551,inf,-0.320683112
100,04M037,1.529411765,0.873469388,TRUE,M,0.854,0.274038462,-0.988208333,0.325581395,-0.031358885
101,04M038,2.448717949,2.117647059,TRUE,M,0.932,-0.141342756,-0.989807074,-0.224637681,0
102,04M057,1.116788321,0.822064057,FALSE,M,0.95,-0.173190985,-0.988988327,-0.157534247,0.126674787
103,04M072,2.120567376,1.168949772,FALSE,M,0.926,0.176,-0.98875,-0.5,-0.005494505
104,04M083,1.378830084,1.330952381,TRUE,M,0.828,-0.193478261,-0.987303371,-0.247191011,-0.004545455
105,04M096,2.07,5.06122449,FALSE,M,0.946,-0.199604743,-0.989251701,-0.005434783,0.17617866
106,04M102,4.097087379,7.581818182,TRUE,M,0.884,-0.233438486,-0.989352751,-0.06504065,-0.028506271
107,04M108,1.950704225,1.610294118,FALSE,M,0.942,-0.318047337,-0.987088608,-0.452173913,0.115815691
108,04M146,5.849056604,4.168539326,TRUE,M,0.937,-0.073809524,-0.992975518,-0.215789474,-0.036511156
109,04M155,1.078431373,1.115107914,TRUE,M,0.95,-0.335149864,-0.989829932,-0.088319088,-0.036511156
110,04M171,1.970430108,1.78125,FALSE,M,0.798,0.046511628,-0.98970297,0.227272727,0.112612613
111,04M182,1.515679443,1.171717172,TRUE,M,0.946,-0.218997361,-0.982073171,0.142857143,0.01171459
112,04M206,2.048275862,1.169491525,FALSE,M,0.903,0.027149321,-0.989162437,0.181102362,0.18041958
113,04M224,1.474940334,1.966911765,TRUE,M,0.73,0.106382979,-0.980683761,-0.547169811,-0.19047619
114,04M372,2.5875,7.296296296,TRUE,M,0.946,0.238207547,-0.992523364,-0.040880503,-0.045929019
115,04M375,4.061538462,1.506329114,TRUE,M,0.95,-0.232628399,-0.990371517,-0.347107438,-0.007446809
116,04M377,4.819444444,5.435897436,TRUE,M,0.939,0.2625,-0.993575,0.421052632,0.077100115
117,04M497,1.259009009,0.896749522,TRUE,M,0.577,-0.142857143,-0.98715736,1.666666667,0.21369863
118,04M610,1.88372093,1.674157303,FALSE,M,0.815,0.021551724,-0.986142857,-0.433333333,-0.018518519
119,04M825,4.346534653,4.806451613,TRUE,M,0.919,-0.132716049,-0.989919028,-0.212962963,-0.046610169
120,04M964,0.979452055,0.859259259,TRUE,M,0.72,0.785440613,-0.987051282,2.909090909,1.359683794
121,05M030,3.914529915,2.725274725,TRUE,M,0.932,-0.2,-0.990395683,-0.5,0.01171459
122,05M036,4.043478261,1.993548387,FALSE,M,0.897,-0.291666667,-0.986171171,-0.040816327,0.025028441
123,05M046,1.84375,1.170542636,FALSE,M,0.95,-0.339264531,-0.985438596,-0.429824561,-0.006315789
124,05M092,2.574626866,3.123893805,TRUE,M,0.95,-0.072519084,-0.986441948,-0.507936508,-0.004192872
125,05M123,2.196078431,2.666666667,TRUE,M,0.948,-0.234219269,-0.988646288,-0.261780105,0.017130621
126,05M125,2.34,1.637883008,TRUE,M,0.64,0.569948187,-0.993529412,-0.838709677,-0.273849607
128,05M129,2.234177215,1.973913043,FALSE,M,0.909,-0.329181495,-0.984567308,-0.384615385,-0.002136752
129,05M133,2.75,2.689655172,FALSE,M,0.934,-0.103585657,-0.98755627,0.1125,-0.007446809
130,05M154,2.845528455,2.527777778,TRUE,M,0.941,-0.115987461,-0.988832685,-0.007751938,-0.028629857
131,05M161,2.2,2.175675676,FALSE,M,0.95,-0.165388828,-0.98719457,-0.185810811,0.041896362
132,05M175,3.007462687,2.737931034,TRUE,M,0.903,-0.090185676,-0.990590909,0.244897959,-0.054582904
133,05M194,13.22222222,9.222222222,TRUE,M,0.95,-0.127358491,-0.989962825,0.115151515,-0.008350731
134,05M197,2.466666667,1.508474576,TRUE,M,0.934,-0.04620462,-0.98850365,0.04109589,0.017563117
135,05M200,5.862068966,2.387755102,TRUE,M,0.914,-0.251497006,-0.989843137,-0.304347826,-0.014254386
136,05M286,1.735849057,1.246753247,TRUE,M,0.95,-0.401162791,-0.984900662,-0.47311828,0.03280543
137,05M318,1.992753623,1.410852713,FALSE,M,0.853,-0.063636364,-0.980933333,inf,0.062200957
138,05M362,1.190104167,1.258152174,TRUE,M,0.508,0.051204819,-0.95,0.333333333,-0.185441941
140,05M499,2.052631579,1.272727273,FALSE,M,0.84,-0.280053727,-0.983303571,1.115384615,0.130551817
141,05M514,1.622641509,1.75,TRUE,M,0.92,-0.553398058,-0.984984985,-0.641975309,0.029284165
142,05M670,1.958823529,1.101010101,FALSE,M,0.835,-0.054195804,-0.982758621,1.294117647,0.028608583
143,06M004,2.884955752,4.539215686,FALSE,M,0.889,-0.316438356,-0.987909605,-0.425120773,0.050931677
144,06M005,2.894736842,1.962962963,FALSE,M,0.921,-0.175074184,-0.984025157,-0.220982143,0.118226601
145,06M008,2.387596899,2.243902439,FALSE,M,0.912,-0.142857143,-0.983986014,-0.103448276,-0.025641026
146,06M018,3.971830986,2.082089552,FALSE,M,0.922,-0.19212963,-0.98219697,-0.548323471,0.16025641
147,06M028,2.052325581,1.915178571,FALSE,M,0.95,-0.348039216,-0.980606061,-0.018469657,0.087514586
148,06M048,3.283185841,1.874213836,FALSE,M,0.886,-0.275641026,-0.987674419,-0.124183007,-0.055093555
149,06M052,2.126436782,1.493506494,TRUE,M,0.934,-0.497185741,-0.982893082,0.305993691,0.033732318
150,06M098,1.986842105,1.873563218,FALSE,M,0.873,-0.312292359,-0.988895706,-0.358974359,-0.035595106
151,06M115,3.034482759,2.752212389,TRUE,M,0.917,-0.239795918,-0.986358025,-0.195195195,-0.038461538
152,06M128,2.224137931,1.296153846,TRUE,M,0.846,0.001658375,-0.98591195,-0.492581602,-0.063559322
153,06M132,2.454545455,2.528846154,TRUE,M,0.917,-0.675632911,-0.985894737,-0.168560606,0.065138721
154,06M143,2.235294118,2.555555556,TRUE,M,0.944,-0.502242152,-0.985441176,0.181818182,0.148241206
155,06M152,2.245614035,3.752688172,FALSE,M,0.922,-0.164362519,-0.989257143,-0.249266862,-0.066385669
156,06M153,1.800865801,1.609665428,TRUE,M,0.912,-0.440639269,-0.989461078,-0.059479554,0.039370079
157,06M173,2.509090909,1.615079365,TRUE,M,0.766,-0.273381295,-0.985343511,-0.383419689,-0.103057758
158,06M187,2.145896657,1.860058309,FALSE,M,0.412,0.008997429,-0.987375887,-0.6,-0.089552239
159,06M189,2.543859649,2.039408867,TRUE,M,0.907,-0.413178985,-0.985733333,-0.273584906,0.00109529
160,06M192,2.385620915,1.047297297,TRUE,M,0.901,-0.033994334,-0.985352941,-0.175,-0.005235602
161,06M210,2.9375,3.949275362,FALSE,M,0.898,-0.081196581,-0.987368421,-0.045325779,-0.020063358
162,06M223,1.726681128,1.817991632,FALSE,M,0.764,0.024734982,-0.989133858,-0.5,-0.09741784
163,06M278,2.215767635,1.940520446,FALSE,M,0.656,-0.020676692,-0.985961538,0.162962963,-0.072423398
164,06M293,2.274336283,0.838120104,TRUE,M,0.809,0.032040472,-0.988928571,0.272727273,-0.08680947
165,06M311,1.929411765,1.779591837,TRUE,M,0.787,-0.011574074,-0.985179856,0.307359307,0.023346304
166,06M314,2.607142857,2.643356643,TRUE,M,0.439,0.170542636,-0.985960265,-0.142857143,-0.154255319
167,06M319,2.587628866,1.961904762,TRUE,M,0.925,-0.394034537,-0.984632768,-0.038011696,-0.015544041
168,06M322,5.25,2.156626506,TRUE,M,0.931,-0.144736842,-0.988659218,-0.128151261,0
169,06M324,2.909090909,1.372093023,TRUE,M,0.887,-0.291111111,-0.989504132,-1.58E-16,-0.065662002
170,06M328,6.923076923,13,TRUE,M,0.923,-0.428082192,-0.98102439,0.146095718,-0.037639878
171,06M346,13.74074074,15.25,FALSE,M,0.914,0.158333333,-0.98865285,-0.555172414,0.006507592
172,06M348,2.928571429,1.307958478,TRUE,M,0.865,0.369230769,-0.988484848,0.024539877,0.058168317
173,06M349,0.757575758,5.64516129,TRUE,M,0.923,-0.236024845,-0.9868,-0.055045872,-0.05
174,06M366,2.250755287,2.501672241,FALSE,M,0.816,0.362352941,-0.983043478,-0.514851485,-0.045504994
175,06M368,1.923076923,1.612440191,TRUE,M,0.698,-0.349593496,-0.974516129,-0.358139535,-0.192448234
176,06M528,2.95,10.43243243,FALSE,M,0.921,0.097345133,-0.989773756,0.233333333,-0.04805726
177,07X001,2.578947368,1.62987013,FALSE,X,0.95,-0.093430657,-0.985126582,-0.151020408,-0.041372351
178,07X005,3.523255814,2.814285714,FALSE,X,0.95,-0.054208274,-0.988256881,0.037914692,0.01171459
179,07X018,3.088607595,1.90990991,FALSE,X,0.95,0.027573529,-0.98965251,0.07079646,0.019313305
180,07X025,2.415662651,2.922535211,FALSE,X,0.921,0.129787234,-0.986143498,-0.073913043,-0.062111801
181,07X029,1.947916667,1.378640777,FALSE,X,0.947,0.077235772,-0.989960317,-0.196319018,-0.039553753
182,07X030,3.467532468,2.217948718,TRUE,X,0.949,-0.067256637,-0.986596859,0.429577465,-0.023060797
183,07X031,2.900900901,2.258928571,TRUE,X,0.914,0.014684288,-0.989315068,-0.19205298,-0.056603774
184,07X043,3.56,2.975806452,TRUE,X,0.949,-0.22761194,-0.990692641,0.311111111,-0.024640657
185,07X049,4.428571429,4.333333333,TRUE,X,0.949,-0.025449102,-0.988571429,-0.331606218,-0.031762295
186,07X065,2.740740741,1.785714286,TRUE,X,0.95,-0.206666667,-0.990039063,-0.240506329,-0.041372351
187,07X151,3.489795918,2.823529412,TRUE,X,,,,,
188,07X154,11.57142857,12.86206897,TRUE,X,0.95,-0.327394209,-0.989327354,0.01754386,-0.005235602
189,07X157,3,1.848101266,FALSE,X,0.924,-0.106927711,-0.988526316,-0.021505376,-0.031217482
190,07X161,4.38028169,5.536231884,TRUE,X,0.95,-0.13878327,-0.990175439,-0.5,-0.025641026
191,07X179,2.801526718,1.882758621,TRUE,X,0.93,-0.1875,-0.989918367,-0.323943662,-0.016931217
192,07X221,6.057142857,5.464285714,TRUE,X,0.947,0.01242236,-0.988798283,-0.035714286,-0.008350731
193,07X223,2.330645161,2.502074689,TRUE,X,0.909,0.514412417,-0.990588235,-0.346153846,-0.04601227
194,07X224,2.260869565,1.025641026,TRUE,X,0.95,-0.140672783,-0.987355372,-0.376093294,-0.032586558
195,07X277,2.292682927,2.126760563,TRUE,X,0.933,0.006896552,-0.989178744,-0.119047619,-0.035639413
196,07X296,4.293103448,3.615384615,TRUE,X,0.932,-0.427055703,-0.987042802,0.168067227,0.063805104
197,07X298,2.727272727,2.125,TRUE,X,0.95,-0.311294766,-0.985645161,-0.053333333,0.088201604
198,07X343,3.323529412,3.441666667,TRUE,X,0.95,0.016891892,-0.989438202,-0.288590604,0.022604952
199,07X369,6.607843137,2.72,TRUE,X,0.95,-0.210191083,-0.991242236,-0.466981132,-0.037487335
200,07X500,2.302631579,1.325581395,TRUE,X,0.879,-0.003724395,-0.988209877,-0.552238806,0.072704082
201,07X551,4.022222222,3.944444444,TRUE,X,0.95,0.003424658,-0.987219731,0.037878788,0.005446623
202,08X014,1.943521595,1.602339181,FALSE,X,0.565,-0.072487644,-0.989911894,0.471698113,0.022012579
203,08X036,1.66557377,1.310526316,FALSE,X,0.852,0.063920455,-0.991414634,0.269565217,0.157584683
204,08X048,1.875,1.263157895,FALSE,X,0.95,-0.252631579,-0.989773585,0.554794521,0.041156841
205,08X062,2.887850467,2.232,FALSE,X,0.943,-0.191906005,-0.986895161,0.483146067,-0.019607843
206,08X069,2.315436242,1.723350254,FALSE,X,0.831,0.040747029,-0.989861751,0.551724138,-0.050716648
207,08X071,1.760784314,1.554517134,FALSE,X,0.652,-0.143109541,-0.990458716,0.781818182,-0.048620237
208,08X072,2.746987952,1.600694444,FALSE,X,0.822,-0.183035714,-0.988354978,0.346153846,-0.002314815
209,08X075,1.919075145,1.794117647,TRUE,X,0.92,0.039723661,-0.988324324,0.358974359,-0.007963595
210,08X093,1.589285714,1.445414847,TRUE,X,0.791,0.00255102,-0.992672414,-0.280487805,0.198425197
211,08X100,1.957446809,1.540372671,FALSE,X,0.912,-0.090604027,-0.988943396,0.121621622,0.131168831
212,08X101,1.710659898,1.733918129,TRUE,X,0.625,0.121399177,-0.984383562,1,-0.048714479
213,08X107,5.23943662,5.045454545,TRUE,X,0.95,0.133333333,-0.98865942,0.086956522,-0.025641026
214,08X119,2.971830986,1.690298507,FALSE,X,0.914,-0.282125604,-0.987202797,0.112068966,0.126631854
215,08X123,3.541666667,7.705882353,TRUE,X,0.942,-0.02970297,-0.990782918,0.269607843,0.145
216,08X130,2.894117647,2.715517241,FALSE,X,0.94,-0.203629032,-0.98925,-0.013157895,0.144303797
217,08X131,2.299145299,3.104477612,TRUE,X,0.93,-0.385674931,-0.987427386,0.010204082,0.185430464
218,08X138,1.666666667,2.81147541,FALSE,X,0.869,-0.26128266,-0.987734807,0.833333333,-0.03674833
219,08X140,3.606741573,2.719626168,TRUE,X,0.95,-0.145285935,-0.989764151,0.048192771,0.016042781
220,08X146,2.731092437,5.796875,TRUE,X,0.922,-0.145336226,-0.98754902,0.064516129,-0.026639344
221,08X152,2.353846154,1.939393939,FALSE,X,0.95,-0.214943705,-0.98761194,0.078740157,0.075845974
222,08X182,1.564285714,1.254385965,FALSE,X,0.859,-0.30831643,-0.986933333,1.428571429,0.015258216
224,08X269,2.369747899,1.125,FALSE,X,0.924,0.131481481,-0.9875,-0.023809524,0.113087675
225,08X301,3.259259259,4.481481481,TRUE,X,0.95,-0.103603604,-0.991182796,-1.28E-16,0.082004556
226,08X302,3.19047619,2.588785047,TRUE,X,0.95,-0.179661017,-0.989405204,-0.111111111,-0.004192872
227,08X304,1.333333333,1.36637931,TRUE,X,0.529,-0.07486631,-0.989891892,0.666666667,-0.027894003
228,08X333,2.540983607,4.470588235,TRUE,X,0.95,0.347222222,-0.988378378,-0.204633205,0.074660633
229,08X337,2.507109005,1.924398625,TRUE,X,0.871,0.548589342,-0.991979167,0.10989011,0.074509804
230,08X367,1.977653631,1.787401575,TRUE,X,0.866,-0.069073783,-0.988534483,1.340909091,0.001231527
231,08X371,2.468599034,2.458100559,TRUE,X,0.594,0.251724138,-0.98987013,-0.022222222,-0.068456376
232,08X375,5,7.962962963,TRUE,X,0.928,-0.288732394,-0.98922807,0.185840708,-0.018595041
233,08X376,1.512437811,1.875,TRUE,X,0.918,-0.150214592,-0.98974359,0.454545455,0.364197531
234,08X424,3.65,5.285714286,TRUE,X,0.95,-0.199445983,-0.988831615,0.335025381,0.032608696
235,08X448,2.612612613,5.46,TRUE,X,0.878,0.226229508,-0.99056391,-0.289256198,0.03611457
236,08X467,2.032258065,1.536764706,TRUE,X,0.854,0.305343511,-0.990711974,0.142857143,0.095238095
237,08X562,2.981818182,4.608108108,TRUE,X,0.912,2.164179104,-0.99102459,0.153846154,0.037887486
238,09X004,1.72611465,0.993569132,TRUE,X,0.95,-0.076923077,-0.989178744,0.252525253,-0.034552846
239,09X011,1.902985075,2.146551724,FALSE,X,0.946,-0.260927152,-0.987564767,-0.255244755,-0.024261603
240,09X022,3.448275862,6.210526316,TRUE,X,0.95,-0.31754386,-0.989086758,-0.227138643,0.034858388
241,09X028,2.936363636,1.925925926,FALSE,X,0.95,-0.048913043,-0.987777778,-0.07615894,-0.046184739
242,09X035,1.132075472,0.819875776,FALSE,X,0.928,-0.19667171,-0.988546256,0.084745763,-0.029866117
243,09X042,4.892307692,3.307692308,TRUE,X,0.95,-0.193478261,-0.987572016,-0.153225806,-0.043303122
244,09X053,1.696202532,1.676691729,FALSE,X,0.95,-0.318939394,-0.9913125,0.234432234,-0.003236246
245,09X055,12.23333333,3.141414141,TRUE,X,0.95,-0.106725146,-0.98816092,-0.507352941,-0.01144641
246,09X058,3.925925926,2.45,FALSE,X,0.95,-0.135964912,-0.989094488,0.123893805,0.039387309
247,09X063,1.33460076,1.629107981,FALSE,X,0.944,-0.095238095,-0.989145729,0.178378378,-0.001051525
248,09X070,4.851851852,3.78313253,FALSE,X,0.95,-0.257204611,-0.984662162,0.069105691,-0.036511156
249,09X073,3.03030303,4.42,FALSE,X,0.946,-0.349770642,-0.986010929,0.042654028,-0.016666667
250,09X088,1.288288288,0.852546917,FALSE,X,0.95,-0.425233645,-0.991558442,-0.085561497,0.042334096
251,09X109,1.957831325,1.530054645,FALSE,X,0.933,-0.301587302,-0.98955157,-0.131355932,-0.039665971
252,09X110,1.459090909,1.37962963,TRUE,X,0.95,-0.1507431,-0.991570881,0.283185841,-0.012474012
253,09X114,3.060240964,2.100775194,FALSE,X,0.942,-0.234891676,-0.986902174,-0.111782477,-0.04040404
254,09X117,2.301369863,3.921052632,TRUE,X,0.95,-0.309968847,-0.989153846,-0.091666667,0
255,09X126,4.419753086,3.529411765,FALSE,X,0.95,-0.180397727,-0.989241379,0.448113208,-0.022633745
256,09X128,2.613821138,1.576576577,TRUE,X,0.922,-0.063360882,-0.984724409,0.028985507,-0.004219409
257,09X132,6.925925926,4.85,FALSE,X,0.95,-0.229674797,-0.990571429,0.136363636,0.035794183
258,09X163,3,2.363636364,FALSE,X,0.95,-0.273344652,-0.986852792,-0.21025641,-0.04040404
259,09X199,1.395348837,1.564516129,FALSE,X,0.94,-0.168130489,-0.989533679,-0.068965517,-0.030612245
260,09X204,3.074074074,2.098901099,TRUE,X,0.922,0.065180103,-0.988040201,0.161904762,0.083950617
261,09X215,2.168478261,1.266435986,TRUE,X,0.947,0.005970149,-0.981015625,0.028846154,-0.002197802
262,09X218,1.808290155,1.725961538,TRUE,X,0.93,0.121505376,-0.989102564,-0.369627507,0.169736842
263,09X219,2.952380952,1.264150943,TRUE,X,0.95,-0.115281501,-0.98502008,-0.291139241,0.012793177
264,09X229,2.085714286,0.458333333,TRUE,X,0.95,0.158653846,-0.99,-0.230769231,0.02750275
265,09X231,2.535353535,3.285714286,FALSE,X,0.826,-0.234108527,-0.989275362,0.205128205,0.012376238
266,09X232,5.511111111,1.318518519,TRUE,X,0.95,-0.156826568,-0.989074074,-0.209424084,-0.008350731
267,09X236,5.083333333,7.566666667,FALSE,X,0.916,-0.217283951,-0.989392713,0.404255319,-0.025641026
268,09X241,1.368983957,1.341040462,TRUE,X,0.926,-0.009917355,-0.985329949,0.132075472,-0.003222342
269,09X303,3.581632653,2.439252336,TRUE,X,0.947,-0.030769231,-0.990141243,-0.162393162,-0.038461538
270,09X313,6.357142857,7.033333333,TRUE,X,0.95,-0.298429319,-0.989799197,0.16442953,0.125763126
271,09X323,2.791666667,1.5,TRUE,X,0.95,-0.229376258,-0.987121951,-0.080536913,0.017130621
272,09X324,2.752808989,5.35,TRUE,X,0.908,-0.082677165,-0.986272189,-0.145833333,-0.044711014
273,09X327,2.756756757,1.361702128,TRUE,X,0.922,0.303867403,-0.987990868,0.081632653,-0.078431373
274,09X328,6.103448276,6.636363636,TRUE,X,0.95,0.711229947,-0.988838174,-0.171206226,0.095794393
275,09X339,3.212121212,5.694444444,TRUE,X,0.95,-0.303630363,-0.988677043,-0.010204082,-0.004192872
276,09X413,2.48,1.516528926,TRUE,X,0.897,-0.08172043,-0.977227723,1.731707317,0.203651685
277,09X443,4.898550725,4.0625,TRUE,X,0.95,0.017045455,-0.984873096,-0.260465116,-0.04218107
278,09X449,2.860465116,3.465346535,TRUE,X,0.929,-0.033936652,-0.989435737,0.153846154,-0.024390244
279,09X454,3.368421053,2.534313725,TRUE,X,0.893,0.024038462,-0.989569378,-0.233333333,0.002178649
280,09X457,3.242105263,2.453333333,TRUE,X,0.94,-0.156957929,-0.988396226,-0.164122137,0.028138528
281,09X505,3.233766234,1.896907216,FALSE,X,0.891,-0.042690815,-0.986309524,0.785714286,-0.025246981
282,09X568,4.014492754,1.659836066,TRUE,X,0.839,1.918478261,-0.988355263,0.11627907,-0.108583247
283,10X003,3.246575342,1.791044776,FALSE,X,0.91,-0.081005587,-0.988565401,0.2109375,-0.003147954
284,10X007,1.42032967,1.163551402,FALSE,X,0.778,-0.133428981,-0.989844961,-0.136585366,-0.051643192
285,10X008,1.396475771,0.975945017,FALSE,X,0.88,-0.25,-0.99012931,-0.171641791,-0.02510917
286,10X009,3.67,2.534351145,FALSE,X,0.95,-0.018072289,-0.987514793,0.040268456,0.093567251
287,10X015,2.262008734,1.667664671,TRUE,X,0.879,-0.081439394,-0.985688623,2.181818182,0.082446809
288,10X020,1.530612245,1.595238095,TRUE,X,0.906,-0.176203451,-0.98832618,0.369565217,0.004314995
289,10X023,4.384615385,1.519685039,FALSE,X,0.95,-0.266222962,-0.991085044,0.21875,0.121605667
290,10X024,1.544329897,1.424418605,FALSE,X,0.278,-0.097326203,-0.990591716,1.291666667,-0.003215434
291,10X032,1,0.962025316,FALSE,X,0.95,-0.095652174,-0.987909091,0.293706294,-0.030612245
292,10X033,1.644628099,2.514563107,FALSE,X,0.95,-0.211162791,-0.98994898,-0.185314685,0.064814815
293,10X037,2.188811189,1.621890547,FALSE,X,0.899,-0.024922118,-0.989291339,0.196969697,0.13653603
294,10X045,2.661016949,1.268817204,FALSE,X,0.937,-0.111668758,-0.989622642,-0.052356021,-0.024640657
295,10X046,3.14893617,1.901408451,FALSE,X,0.939,-0.361024845,-0.990817121,0.015915119,0.015765766
296,10X051,0.628762542,1.234375,FALSE,X,0.872,-0.148760331,-0.988280255,-0.086206897,0.035756853
297,10X054,3.87804878,7.147058824,FALSE,X,0.938,-0.065843621,-0.991213592,-0.400662252,-0.025641026
298,10X056,2.25,1.447368421,FALSE,X,0.914,0.02556391,-0.986703911,-0.031446541,0.089058524
299,10X059,2.591549296,1.132867133,FALSE,X,0.95,-0.079086116,-0.988745387,0.550847458,-0.041372351
300,10X080,5.641509434,6.970588235,TRUE,X,0.921,0.030546624,-0.989925373,-0.10367893,-0.027292576
302,10X081,1.715365239,1.631325301,FALSE,X,0.424,0.182380216,-0.989248555,-0.257731959,-0.1617357
303,10X085,3.816666667,3.394366197,FALSE,X,0.95,-0.163021869,-0.992551724,-0.091240876,-0.04192229
304,10X086,1.970731707,1.609756098,FALSE,X,0.946,-0.008459215,-0.987821229,-0.003401361,0.130434783
305,10X091,1.662576687,1.304932735,FALSE,X,0.949,-0.185286104,-0.988219178,0.192307692,-0.023809524
307,10X094,1.944444444,1.115384615,FALSE,X,0.941,-0.031719533,-0.989574468,-0.15916955,-0.002114165
308,10X095,1.941489362,1.502487562,TRUE,X,0.891,-0.139954853,-0.988516484,-0.25,0.158967391
309,10X118,1.492113565,1.332258065,FALSE,X,0.914,-0.128226478,-0.989076923,0.198275862,-0.015053763
310,10X141,1.847972973,1.614457831,FALSE,X,0.521,0.136531365,-0.991333333,0.226415094,-0.057996485
311,10X159,3.075342466,1.108490566,FALSE,X,0.945,0.043010753,-0.995392857,-0.287234043,0.083333333
312,10X205,2.118918919,1.582278481,FALSE,X,0.95,-0.11804878,-0.988958333,0.279620853,0.101070155
313,10X206,2.391891892,3.757142857,FALSE,X,0.95,-0.120521173,-0.986926606,0.168711656,0.104651163
314,10X225,2.110344828,1.851851852,TRUE,X,0.889,-0.099827883,-0.988636364,0.636363636,0.134328358
315,10X226,2.752212389,2.705882353,FALSE,X,0.945,-0.19844358,-0.991640212,0.048979592,-0.029804728
316,10X228,2.318007663,1.835249042,FALSE,X,0.863,0.034883721,-0.990148515,0.361702128,-0.013513514
317,10X243,3.532608696,2.236842105,TRUE,X,0.936,0.004909984,-0.989409449,0.007194245,0.00750268
318,10X244,2.095,1.092105263,TRUE,X,0.905,-0.080665813,-0.990464135,-0.115702479,0.001053741
319,10X246,2.168224299,1.85483871,FALSE,X,0.95,-0.156626506,-0.98907767,0.601626016,-0.006276151
320,10X254,4.361702128,1.376623377,FALSE,X,0.937,0.078341014,-0.989101124,0.048192771,0.063829787
321,10X279,3.795180723,3.163265306,FALSE,X,0.95,-0.092469018,-0.988736842,-0.085616438,-0.012474012
322,10X280,1.570212766,2.075829384,TRUE,X,0.915,-0.080275229,-0.987307692,0.098765432,-0.006349206
324,10X291,1.394833948,1.228782288,TRUE,X,0.934,-0.150442478,-0.987804878,0.130081301,-0.044265594
325,10X306,3.963855422,1.816993464,TRUE,X,0.95,-0.201846966,-0.992,-0.062857143,0.081367925
326,10X307,0.982698962,0.750716332,FALSE,X,0.892,-0.254950495,-0.991142857,0.837719298,0.115485564
327,10X308,2.362244898,2.324137931,FALSE,X,0.894,0.101265823,-0.988888889,-0.1875,0.014460512
328,10X310,2.716312057,1.693277311,FALSE,X,0.916,-0.146023468,-0.990880829,-0.123655914,-0.049847406
329,10X315,2.0657277,1.12605042,FALSE,X,0.92,-0.142857143,-0.992953586,-0.171597633,-0.026068822
330,10X331,4.436619718,5.196078431,TRUE,X,0.934,0.142487047,-0.988712446,-0.192982456,0.091584158
331,10X340,2.270833333,1.031372549,FALSE,X,0.913,-0.120980092,-0.988600823,0.125,0.028935185
332,10X342,3.738095238,1.792682927,TRUE,X,0.95,-0.064456722,-0.987901235,-0.055405405,-0.030612245
333,10X344,1.136752137,1.461325967,TRUE,X,0.511,0.168674699,-0.975238095,-0.066666667,0.007858546
334,10X360,2.35915493,1.968992248,FALSE,X,0.906,-0.223552894,-0.989514563,0.566666667,-0.014989293
335,10X363,7.416666667,8.722222222,FALSE,X,0.944,1.228070175,-0.986492891,-0.232294618,-0.044467425
336,10X368,2.58041958,3.102040816,TRUE,X,0.828,-0.034749035,-0.987816092,0.239130435,-0.028888889
337,10X382,2.237623762,1.261111111,TRUE,X,0.95,-0.063973064,-0.98453125,0.132867133,-0.013499481
338,10X386,1.278688525,0.724,TRUE,X,0.95,0.13111546,-0.991153846,0.072463768,-0.04233871
339,10X390,2.888888889,2.59223301,TRUE,X,0.947,0.364764268,-0.990462185,-0.042105263,-0.025641026
340,10X391,2.174603175,3,TRUE,X,0.95,-0.187826087,-0.98965251,-0.003215434,0.099537037
341,10X396,3.315789474,1.597402597,TRUE,X,0.939,-0.238341969,-0.986642857,0.075471698,0.007592191
342,10X447,6.236363636,2.833333333,TRUE,X,0.95,-0.033970276,-0.989047619,-0.251445087,-0.033570702
343,10X459,2.012345679,0.761363636,FALSE,X,,,,,
344,11X016,3.475247525,2.176056338,FALSE,X,0.851,-0.426024955,-0.9875,0.615384615,-0.04250797
345,11X019,1.58490566,1.48441247,FALSE,X,0.457,0.047904192,-0.990689655,-0.191489362,-0.11287478
346,11X021,2.319672131,1.56097561,FALSE,X,0.902,-0.137931034,-0.986553672,0.696428571,0.015486726
347,11X041,1.630331754,2.042780749,FALSE,X,0.914,-0.068493151,-0.989251337,0.137254902,-0.031152648
348,11X068,3.260869565,2.328431373,FALSE,X,0.758,-0.255813953,-0.986105263,0.461538462,0.242424242
349,11X076,1.201058201,1.151515152,FALSE,X,0.854,-0.19789675,-0.987797619,0.139534884,0.189781022
350,11X078,2.050724638,1.766423358,FALSE,X,0.854,-0.057356608,-0.989583333,0.31372549,-0.024774775
351,11X083,1.597122302,1.253644315,FALSE,X,0.755,-0.036795252,-0.989175824,0.688679245,0.25088968
352,11X087,2.055555556,1.532407407,FALSE,X,0.748,-0.193396226,-0.987745665,2.647058824,-0.0456621
353,11X089,1.827777778,2.246753247,FALSE,X,0.859,0.062853107,-0.992058824,0.055865922,0.193500739
354,11X096,1.221198157,1.420792079,FALSE,X,0.856,-0.1408308,-0.989424084,-0.175824176,0.095302013
356,11X097,1.34939759,1.350148368,FALSE,X,0.686,-0.203208556,-0.98625731,0.853658537,0.025575448
357,11X103,3.043478261,3.779220779,FALSE,X,0.903,-0.142857143,-0.986022099,-0.073446328,0.034792368
358,11X105,1.977011494,1.229268293,FALSE,X,0.89,-0.324061196,-0.989487179,0.335025381,0.009988901
359,11X106,2,1.236311239,FALSE,X,0.809,-0.13322502,-0.983380282,0.230769231,0.209876543
360,11X108,1.652298851,1.590778098,FALSE,X,0.627,-0.037162162,-0.989103448,0.371794872,-0.021276596
361,11X111,3.283783784,1.621212121,FALSE,X,0.906,-0.178474114,-0.989960937,-0.542168675,-0.020452099
362,11X112,4.557692308,9.181818182,FALSE,X,0.926,-0.115299335,-0.985111111,0.471698113,-0.026639344
363,11X121,1.268965517,1.042613636,FALSE,X,0.756,-0.228796844,-0.987361111,0.243243243,0.206132879
365,11X127,1.877828054,1.221276596,TRUE,X,0.819,0.09261745,-0.98352459,-0.076433121,0.134670487
366,11X144,2.973451327,3.113636364,TRUE,X,0.821,-0.373071529,-0.988755365,0.088888889,0.165446559
367,11X153,1.497607656,1.340966921,TRUE,X,0.571,-0.08819133,-0.992049689,0,0.006015038
368,11X160,2.412621359,2.219653179,TRUE,X,0.59,0.015665796,-0.992349398,-0.616666667,-0.005263158
369,11X169,2.698113208,1.39941691,FALSE,X,0.733,-0.028037383,-0.990309278,2.4375,-0.014268728
370,11X175,1.217171717,0.903640257,FALSE,X,0.529,-0.076923077,-0.989175824,5.666666667,0.67791411
371,11X178,1.536697248,0.964444444,TRUE,X,0.648,-0.244725738,-0.991564885,0.259259259,-0.012578616
372,11X180,1.853174603,1.922279793,FALSE,X,0.595,0.209490741,-0.987683616,0.846153846,0.051771117
373,11X181,1.787878788,1.106109325,TRUE,X,0.677,0.009163803,-0.988465347,1,0.100942127
374,11X189,1.347368421,1.941176471,TRUE,X,0.855,-0.008086253,-0.990628272,0.171428571,0.008810573
375,11X194,1.88362069,1.218487395,TRUE,X,0.88,-0.090974212,-0.98884058,0.204225352,0.174468085
376,11X287,2.297619048,1.256410256,TRUE,X,0.898,1.052,-0.991611842,2.291666667,0.026869159
377,11X326,2.715447154,1.426666667,TRUE,X,0.863,0.027227723,-0.991391304,-0.064039409,-0.026709402
378,11X370,4.226415094,2.047619048,TRUE,X,0.875,0.624561404,-0.98811245,0.189655172,-0.073707371
379,11X462,3.847826087,2.648351648,TRUE,X,0.815,0.020242915,-0.990976744,-0.471698113,-0.024096386
380,11X468,3.36,2.66,TRUE,X,0.857,0.096875,-0.988947368,0.401785714,0.019562716
381,11X498,1.954918033,1.945945946,TRUE,X,0.744,0.28125,-0.990341463,0.975609756,-0.041198502
382,11X529,5.297297297,3.32,TRUE,X,0.785,-0.035190616,-0.987914692,-0.477272727,-0.00228833
383,11X532,6.163265306,0.907142857,TRUE,X,0.871,0.028571429,-0.991634241,0.948717949,0.080545229
384,11X556,5.5,5.574468085,TRUE,X,0.879,0.575289575,-0.989945946,0.270588235,0.014705882
385,11X566,3.268518519,2.076923077,TRUE,X,0.802,0.445182724,-0.98952381,-0.118421053,-0.012135922
386,12X006,3.048192771,2.113402062,TRUE,X,0.95,-0.147727273,-0.988265306,0.053571429,-0.026639344
387,12X044,2.184931507,2.169398907,TRUE,X,0.95,-0.225806452,-0.989942197,0.650793651,-0.035532995
388,12X047,2.034246575,1.978571429,FALSE,X,0.923,-0.098230088,-0.98641791,0.020576132,-0.017580145
389,12X057,1.203488372,1.927272727,TRUE,X,0.942,-0.025089606,-0.989617021,0.896907216,0.084123223
390,12X061,2.69047619,1.77486911,TRUE,X,0.95,-0.256338028,-0.990672646,1.303571429,0.016042781
391,12X066,3.25,2.688405797,TRUE,X,0.95,-0.189473684,-0.987833333,-0.13740458,0.139877301
392,12X067,3.377952756,4.944444444,FALSE,X,0.95,-0.384068279,-0.987604167,0.532608696,0.122931442
393,12X098,3.909090909,1.207207207,TRUE,X,0.932,-0.203174603,-0.990898876,0.893203883,-0.040164779
394,12X129,3.366336634,2.454545455,TRUE,X,0.95,-0.001941748,-0.990761246,-0.203821656,-0.01144641
395,12X134,1.386363636,1.241134752,FALSE,X,0.944,-0.21045392,-0.985661765,0.657142857,-0.017580145
396,12X150,2.164383562,2.679389313,FALSE,X,0.937,-0.238918919,-0.987772277,0.121621622,-0.009433962
397,12X190,5.446808511,1.961038961,TRUE,X,0.945,0.075098814,-0.991357466,0.506024096,0.021528525
398,12X195,3.324324324,3.361111111,TRUE,X,0.95,-0.061356297,-0.989198113,0.393939394,0.033067275
399,12X196,1.136585366,1.489583333,TRUE,X,0.939,-0.127408994,-0.986319018,0.486238532,0.092592593
400,12X211,2.295454545,1.446808511,TRUE,X,0.943,-0.196232339,-0.990269058,-0.512820513,-0.053069719
401,12X212,4.8,2.161764706,TRUE,X,,,,,
402,12X214,1.75862069,0.868312757,TRUE,X,0.923,0.053501946,-0.988505747,0.330434783,0.009564293
403,12X217,2.059701493,2.964912281,TRUE,X,0.949,-0.022792023,-0.987766323,-0.242009132,0.020452099
404,12X242,1.633540373,1.856115108,TRUE,X,0.908,0.016897081,-0.986830357,0.153153153,0.021517554
405,12X267,2.120253165,1.710382514,TRUE,X,0.907,0.015296367,-0.989021277,-0.329032258,0.028138528
406,12X271,4.573770492,2.118811881,FALSE,X,0.943,0.062397373,-0.99006993,0.271028037,-0.015151515
407,12X273,1.930434783,1.5,TRUE,X,0.95,-0.294573643,-0.988689139,0.639175258,0.048260382
408,12X286,5.644444444,2.050632911,TRUE,X,0.913,0.131474104,-0.99012766,0.145695364,0.113956466
409,12X300,3.878378378,2.11627907,TRUE,X,0.95,-0.086378738,-0.986271186,-0.220779221,0.001064963
410,12X316,2.057803468,1.973684211,TRUE,X,0.926,0.073964497,-0.98641791,-0.010526316,-0.046025105
411,12X318,2.140186916,2.85106383,TRUE,X,0.947,-0.323353293,-0.987992126,-0.131147541,-0.008350731
412,12X341,1.590551181,1.314285714,TRUE,X,0.95,1.181818182,-0.990931034,0.718954248,0.04510451
413,12X383,6.254545455,2.097087379,TRUE,X,0.917,0.401606426,-0.990792453,0.146892655,0.029279279
414,12X463,9.585365854,14.875,TRUE,X,0.95,-0.070063694,-0.988801653,0.161290323,-0.012474012
415,12X531,2.09352518,4.277777778,TRUE,X,0.918,0.032786885,-0.985860465,0.273195876,-0.006276151
416,12X536,2.317073171,1.085,TRUE,X,0.896,0.111111111,-0.98972973,-0.183673469,0.024282561
417,12X691,2.837209302,1.776744186,TRUE,X,0.877,-0.14516129,-0.990269058,1.342857143,-0.026172301
418,13K003,1.200913242,1.200913242,FALSE,K,0.88,-0.411306043,-0.982735043,-0.204545455,-0.009966777
419,13K008,1.384479718,1.192242833,FALSE,K,0.097,-0.188679245,-0.99384106,-0.12,-0.273972603
420,13K009,1.558241758,1.524804178,FALSE,K,0.389,0.297783934,-0.991465969,-0.487179487,-0.312387792
421,13K011,1.4106814,1.332167832,FALSE,K,0.424,0.2946794,-0.990666667,0.055555556,-0.330882353
422,13K020,1.743034056,2.442687747,TRUE,K,0.496,0.679127726,-0.991813472,0.021276596,-0.25
423,13K044,2.1875,2.013071895,TRUE,K,0.939,-0.567944251,-0.987071823,1.285714286,-0.018711019
424,13K046,1.594444444,1.268518519,TRUE,K,0.823,-0.398081535,-0.98719457,-0.14379085,-0.084507042
425,13K054,2.244604317,1.901734104,TRUE,K,0.826,-0.195219124,-0.990301508,-0.428571429,-0.061403509
426,13K056,1.415322581,0.648648649,TRUE,K,0.562,0.186440678,-0.989056604,0.033898305,-0.398907104
427,13K067,4.696969697,2.757575758,TRUE,K,0.95,-0.195652174,-0.989177632,0.1875,0.105937136
428,13K093,1.826086957,1.373205742,TRUE,K,0.928,-0.452662722,-0.983067485,0.676470588,-0.009384776
429,13K113,1.952,2,TRUE,K,0.904,-0.536211699,-0.985582524,-0.265306122,0.058962264
430,13K133,2.926086957,5.032258065,TRUE,K,0.441,0.561290323,-0.989939759,0.594594595,-0.1
431,13K256,2.165745856,1.45631068,TRUE,K,0.889,-0.397183099,-0.991111111,0.416666667,-0.006282723
432,13K265,1.166666667,1.652173913,TRUE,K,0.893,-0.401590457,-0.985763547,-0.318181818,0.003541913
433,13K266,2.823529412,2.705882353,TRUE,K,0.762,0.152777778,-0.989172662,0.028571429,-0.088835534
434,13K270,2.382113821,0.899280576,TRUE,K,0.915,-0.408805031,-0.986074766,0.204545455,0.023783784
435,13K282,1.661721068,1.625984252,FALSE,K,0.463,-0.418326693,-0.98275,-0.368421053,-0.382488479
436,13K287,1.417910448,0.555555556,TRUE,K,0.929,-0.455813953,-0.990632911,0.837837838,0.033259424
437,13K301,2.916666667,4.243243243,TRUE,K,0.884,-0.463414634,-0.987418033,-0.06918239,-0.020618557
438,13K305,2.623762376,1.186335404,FALSE,K,,,,,
439,13K307,2.775,1.610526316,FALSE,K,0.764,-0.008108108,-0.988263666,0,-0.165363128
440,13K313,5.946902655,3.444444444,TRUE,K,0.577,1.386554622,-0.992042553,-0.92,-0.322105263
441,13K351,2.725274725,2.276315789,TRUE,K,0.872,0.237410072,-0.986244726,-0.364963504,-0.010011123
442,13K492,1.824228029,2.761904762,TRUE,K,0.3,0.067346939,-0.987575758,0.5,-0.447368421
443,13K527,1.642857143,1.582887701,TRUE,K,0.831,-0.06496063,-0.989299363,3.1875,0.005868545
444,13K691,1.151832461,2.344262295,TRUE,K,0.889,-0.186770428,-0.985733945,0.117647059,0.102747909
445,14K016,2.472727273,2.237288136,TRUE,K,0.95,-0.224899598,-0.98751004,-0.208333333,0.109506619
446,14K017,1.453488372,2.534313725,TRUE,K,0.75,-0.101796407,-0.990398773,0.263565891,0.087289433
447,14K018,1.372340426,1.971153846,FALSE,K,0.846,-0.065989848,-0.974814815,-0.305418719,-0.113951012
448,14K023,5.273809524,1.963190184,TRUE,K,0.944,-0.014492754,-0.983691589,-0.065934066,0.068965517
449,14K031,1.229059829,1.083573487,FALSE,K,0.638,0.038590604,-0.990616438,0.152542373,-0.05726257
450,14K034,1.225321888,1.164893617,FALSE,K,0.369,-0.132246377,-0.98864,-0.128787879,0.061371841
451,14K050,4.380434783,14.22222222,TRUE,K,0.882,0.065359477,-0.988188679,-0.501845018,-0.012752391
452,14K059,3.181818182,4.548780488,TRUE,K,0.932,-0.131016043,-0.985186916,-0.039215686,0.052256532
453,14K071,6.9,20.25,TRUE,K,0.938,-0.380462725,-0.989875,0.016194332,0.114690722
454,14K084,2.763157895,2.628378378,FALSE,K,0.583,0.183441558,-0.986351351,-0.28313253,0.195175439
455,14K110,2.818181818,2.626556017,FALSE,K,0.311,0.584,-0.994652778,-0.414634146,-0.509469697
456,14K120,3.371428571,1.803797468,TRUE,K,0.915,-0.211991435,-0.989663462,0.034090909,0.094827586
457,14K126,3.783783784,3.259259259,TRUE,K,0.884,0.237735849,-0.991731844,-0.432258065,-0.058887677
458,14K132,1.392703863,1.473300971,FALSE,K,0.49,-0.08,-0.985294118,-0.391891892,-0.025
459,14K147,2.520833333,2.019047619,TRUE,K,0.706,0.143769968,-0.989405405,0.242857143,-0.308917197
460,14K157,2.708737864,1.566666667,FALSE,K,0.883,-0.284946237,-0.98872093,-0.211267606,0.04494382
461,14K196,1.845833333,1.230337079,TRUE,K,0.87,-0.136871508,-0.992207358,0.202247191,-0.0943194
462,14K250,1.008163265,1.496062992,FALSE,K,0.872,-0.470741222,-0.987591241,-0.107438017,0.188953488
463,14K257,2.655339806,1.977011494,FALSE,K,0.9,-0.171212121,-0.99095082,-0.086666667,0.114583333
464,14K297,1.490196078,1.331578947,TRUE,K,0.946,-0.236162362,-0.988899083,0.614583333,0.137974684
465,14K318,1.694158076,1.307453416,FALSE,K,0.707,-0.223651961,-0.988216561,-0.058823529,0.04494382
466,14K380,1.52991453,1.718954248,TRUE,K,0.887,-0.195783133,-0.986995708,-0.029268293,0.129905277
467,14K577,2.046052632,2.174887892,TRUE,K,0.621,-0.044176707,-0.987515152,-0.291666667,0.094594595
468,14K582,3.108333333,4.781818182,TRUE,K,0.883,0.209558824,-0.991503958,0.260869565,0.084724005
469,14K586,5.666666667,5.8,TRUE,K,0.92,-0.210622711,-0.988516949,-0.300813008,0.052995392
470,14K614,1.6375,1.671232877,TRUE,K,0.839,0.096866097,-0.985923567,2.75,0
471,15K001,1.625,1.543378995,FALSE,K,0.891,-0.148786218,-0.990520833,-0.022670025,0.0725
472,15K010,1.273830156,1.268965517,FALSE,K,0.3,0.038002172,-0.991297071,0.2,-0.133333333
473,15K015,2.943925234,1.670520231,FALSE,K,0.769,0.206632653,-0.990421053,-0.285714286,0.011157601
474,15K024,4.578947368,1.48427673,FALSE,K,0.887,-0.155937053,-0.98591195,-0.019955654,-0.011458333
475,15K029,1.097183099,1.125884017,FALSE,K,0.123,0.159402242,-0.98752,-0.068965517,0.259259259
476,15K032,3.242424242,1.747875354,FALSE,K,0.448,0.051886792,-0.989837134,-0.368421053,-0.204753199
477,15K038,2.185185185,1.906344411,FALSE,K,0.494,0.170634921,-0.994565217,-0.735042735,-0.362116992
478,15K039,1.459587956,1.294117647,FALSE,K,0.172,0.07751938,-0.991483871,-0.346153846,-0.367924528
479,15K051,1.093830334,1.156779661,FALSE,K,0.441,0.03046595,-0.985958904,1.411764706,0.571428571
480,15K058,1.165925926,1.182634731,FALSE,K,0.135,0.061440678,-0.990949367,-0.261538462,-0.132352941
481,15K088,2.76,1.510638298,TRUE,K,0.742,0.175787728,-0.990677291,-0.179310345,-0.171232877
482,15K094,2.445054945,1.907120743,FALSE,K,0.95,-0.199473338,-0.988409091,-0.177257525,-0.018595041
483,15K107,1.118046133,1.226832642,FALSE,K,0.101,-0.019031142,-0.986666667,1.333333333,0.041237113
484,15K124,2.253456221,2.258536585,FALSE,K,0.691,-0.121495327,-0.986346154,-0.580188679,0
485,15K130,1.482954545,1.536082474,FALSE,K,0.44,0.255014327,-0.987100592,-0.520547945,-0.352504638
486,15K131,2.117647059,1.722857143,FALSE,K,0.915,-0.2435094,-0.986315789,-0.338095238,0.209141274
487,15K136,5.88,7,TRUE,K,0.894,0.045174538,-0.989918033,-0.145584726,-0.024767802
488,15K146,1.048192771,1.233820459,TRUE,K,0.386,0.087349398,-0.989731544,0.083333333,0.286792453
489,15K154,1.425182482,1.348076923,FALSE,K,0.174,-0.021978022,-0.988877005,-0.454545455,-0.276041667
490,15K169,1.451882845,1.313351499,FALSE,K,0.937,-0.229217604,-0.986896552,0.08353222,0.15125
491,15K172,1.372854914,1.090497738,FALSE,K,0.7,-0.052287582,-0.988131868,-0.231939163,-0.099887767
492,15K230,1.448275862,1.615384615,FALSE,K,0.771,-0.18597786,-0.989204545,-0.262975779,0.121765601
493,15K261,1.519280206,1.683076923,FALSE,K,0.353,-0.040391677,-0.989607843,-0.4375,-0.195899772
494,15K295,1.781512605,2.363636364,TRUE,K,0.483,-0.137524558,-0.987291667,-0.6,-0.17826087
495,15K321,1.127198917,1.091939547,FALSE,K,0.073,-0.068243243,-0.989191176,0.285714286,-0.303370787
496,15K442,6.108108108,8.459459459,TRUE,K,0.363,0.740932642,-0.99340564,-0.753424658,-0.609079445
497,15K443,1.680555556,2.298245614,TRUE,K,0.415,0.079096045,-0.99056338,0.631578947,-0.18762475
498,15K447,1.328125,1.24430956,TRUE,K,0.376,0.068093385,-0.986421569,1.75,0.443983402
499,15K448,1.611464968,3.614035088,TRUE,K,0.672,-0.044776119,-0.991407186,-0.020408163,-0.103967168
500,15K464,10.45238095,9.707317073,TRUE,K,0.626,0.762532982,-0.988413462,-0.433628319,-0.205256571
501,15K497,8.857142857,7.96,TRUE,K,0.482,0.69519833,-0.987105263,-0.424778761,-0.422250316
502,15K676,1.227272727,1.316455696,TRUE,K,0.95,-0.520179372,-0.980454545,0.617283951,0.018220793
503,15K821,2.095744681,1.303135889,TRUE,K,0.897,0.018939394,-0.987658537,1.210526316,-0.031049251
504,16K005,3.418604651,1.958823529,TRUE,K,0.822,-0.205128205,-0.988101266,-0.422222222,-0.123913043
505,16K021,1.743034056,1.691860465,FALSE,K,0.806,-0.13117284,-0.98877551,0.818181818,0.049226442
506,16K025,4.007518797,4.611111111,TRUE,K,0.946,-0.685106383,-0.994356061,1.625,-0.048008172
507,16K026,3.18974359,2.094736842,TRUE,K,0.781,-0.082677165,-0.991044776,-0.506329114,-0.175644028
509,16K028,2.641221374,3.748091603,TRUE,K,,,,,
510,16K035,4.746835443,4.117647059,TRUE,K,0.869,-0.033980583,-0.989106529,0.578947368,0.001119821
511,16K040,2.4,3.87804878,TRUE,K,0.905,0.175074184,-0.992633745,0.441176471,0.024911032
512,16K057,2.503937008,0.588888889,TRUE,K,0.919,-0.441314554,-0.988085106,0.769230769,0.124087591
513,16K081,1.910714286,1.139534884,TRUE,K,0.939,-0.234986945,-0.990262295,-0.023809524,0.004278075
514,16K243,2.857142857,1.4,TRUE,K,0.922,-0.244755245,-0.988571429,0.64516129,-0.027663934
515,16K262,2.3,2.635802469,TRUE,K,0.853,-0.682539683,-0.990572917,0.5625,-0.031216362
516,16K267,3.464912281,4.835164835,TRUE,K,0.9,-0.319587629,-0.988304498,-0.272727273,-0.023333333
517,16K308,1.256578947,2.660714286,TRUE,K,0.912,-0.470715835,-0.99047138,-0.534883721,-0.025369979
518,16K309,5.658536585,1.820895522,TRUE,K,0.822,-0.28125,-0.990611511,-0.423728814,-0.13048369
519,16K335,3.023809524,2.282258065,TRUE,K,0.939,-0.429333333,-0.988508065,1.069767442,-0.009584665
520,16K627,0.765661253,1.640692641,TRUE,K,0.761,1.10738255,-0.989367816,0.2,-0.093596059
521,16K628,2.192727273,2.463054187,TRUE,K,0.598,0.315315315,-0.988333333,inf,-0.128065395
522,16K681,5.897959184,5.708333333,TRUE,K,0.911,0.357575758,-0.986,1.041666667,0.100478469
524,17K002,1.984293194,1.378531073,TRUE,K,0.825,-0.100208768,-0.985068493,1.323076923,-0.057142857
525,17K006,1.520547945,1.449074074,FALSE,K,0.871,-0.102240896,-0.988984772,0.125,0.066411239
526,17K012,5.012345679,2.22,TRUE,K,0.925,0.137440758,-0.990365854,0.757575758,0.018299247
527,17K061,1.495495495,2.765217391,FALSE,K,0.803,-0.28241335,-0.984427481,-0.305084746,0.120588235
528,17K091,4.803418803,3.354609929,TRUE,K,0.825,-0.534161491,-0.989288538,-0.126436782,-0.045940171
529,17K092,2.946808511,2.393700787,TRUE,K,0.87,-0.302231237,-0.9869375,0.535211268,-0.003243243
530,17K138,2.447004608,2.68372093,TRUE,K,0.812,-0.258474576,-0.985454545,-0.295774648,0.050984936
532,17K161,1.712446352,1.192028986,TRUE,K,0.866,-0.374301676,-0.984551282,1.882352941,-0.030851064
533,17K181,1.540372671,1.688741722,TRUE,K,0.841,-0.41091954,-0.985602837,0.639534884,0.121883657
534,17K189,2.410714286,1.896678967,FALSE,K,0.841,-0.158249158,-0.985384615,-0.180851064,-0.052966102
535,17K191,4.69047619,5.111111111,TRUE,K,0.91,-0.224215247,-0.983960396,1.555555556,-0.015856237
536,17K221,2.082352941,2.300578035,TRUE,K,0.864,-0.497777778,-0.991267606,-0.537313433,-0.059617548
537,17K241,1.992395437,1.78425656,FALSE,K,0.798,-0.304414003,-0.992477876,-0.182692308,-0.013872832
538,17K246,4.71875,6,TRUE,K,0.855,-0.310116086,-0.99124,0.614942529,0.148760331
539,17K249,2.021406728,1.321616872,FALSE,K,0.78,-0.059536935,-0.986351351,-0.215686275,0.034530387
540,17K289,2.411458333,2.205020921,TRUE,K,0.899,-0.386407767,-0.987925311,0.322580645,0.090123457
541,17K316,2.942982456,2.236842105,TRUE,K,0.612,0.938311688,-0.991741294,-0.285714286,-0.308988764
542,17K340,1.628070175,1.408304498,FALSE,K,0.795,-0.052884615,-0.967462687,3,-0.097315436
543,17K352,6.12244898,5.806451613,TRUE,K,0.906,-0.587248322,-0.985745614,-0.308056872,-0.006276151
544,17K353,10.2962963,3.555555556,TRUE,K,0.846,-0.384030418,-0.986625,1.320754717,0.028344671
545,17K354,6.641304348,2.568807339,TRUE,K,0.772,0.554166667,-0.992154472,-0.518987342,-0.125263158
546,17K375,2.542553191,1.481707317,TRUE,K,0.856,-0.435797665,-0.990291971,0.010471204,-0.020063358
547,17K382,2.43,1.114285714,TRUE,K,0.847,-0.34962406,-0.9888125,1.2,0.060075094
548,17K394,1.619565217,1.565891473,TRUE,K,0.89,-0.4659271,-0.989352518,0.236363636,-0.033226152
549,17K397,3.140127389,4.007246377,FALSE,K,0.785,-0.501449275,-0.98615894,0.137931034,-0.143162393
550,17K398,2.531034483,3.709677419,TRUE,K,0.937,-0.308093995,-0.988557214,-0.264705882,0
551,17K399,0.996923077,0.716049383,FALSE,K,0.877,-0.436507937,-0.983544304,0.983870968,-0.004192872
552,17K484,4.506666667,12.62162162,TRUE,K,0.933,0.168918919,-0.987472924,1.382352941,-0.00751073
553,17K531,6.470588235,7.928571429,TRUE,K,0.792,-0.216346154,-0.98972973,0.290909091,-0.048478016
554,17K543,2.31372549,1.897790055,TRUE,K,0.636,0.172932331,-0.953,inf,-0.131449631
555,17K590,1.297734628,1.252321981,FALSE,K,0.553,0.133012821,-0.978666667,-0.6,0.02435724
556,17K705,inf,10.44444444,TRUE,K,0.624,0.197761194,-0.989166667,0.198019802,-0.059065934
557,17K722,10.2,2.560606061,TRUE,K,0.817,0.064377682,-0.988604651,-0.155844156,-0.102754237
558,17K770,5.747252747,5.340659341,TRUE,K,0.53,0.138339921,-0.9896,-0.46875,-0.333333333
559,18K066,1.669642857,1.460580913,TRUE,K,0.669,-0.021879022,-0.979722222,0.75,-0.035573123
560,18K068,2.428571429,4.319148936,TRUE,K,0.817,-0.674386921,-0.9868,0.691780822,0.229226361
561,18K114,2.694444444,4.369565217,TRUE,K,0.824,-0.226837061,-0.988502674,0.291666667,0.105997211
562,18K115,1.6,1.362776025,FALSE,K,0.676,-0.265358362,-0.987205882,1.5625,0.202247191
563,18K135,1.310344828,1.853333333,FALSE,K,0.827,-0.316176471,-0.985181818,5.461538462,-0.00908059
564,18K208,1.626666667,1.956521739,FALSE,K,0.757,-0.292275574,-0.983450292,-0.166666667,-0.031322506
565,18K211,1.967032967,0.984042553,TRUE,K,0.762,-0.513513514,-0.98627907,1.454545455,0.018939394
566,18K219,1.907692308,2.635036496,FALSE,K,0.885,-0.351158645,-0.986696833,1.175438596,0.090909091
567,18K233,2.480446927,2.62195122,TRUE,K,0.724,-0.389705882,-0.988231707,0.090909091,-0.068156425
568,18K235,1.337142857,1.286821705,FALSE,K,0.555,-0.048622366,-0.986428571,-0.272727273,-0.160305344
569,18K244,2.466346154,2.05106383,TRUE,K,0.733,-0.393465909,-0.988794643,0.458333333,0.008215962
570,18K268,3.058823529,1.911392405,FALSE,K,0.833,-0.302832244,-0.98440678,0.222222222,-0.115550756
571,18K272,1.072580645,1.821782178,FALSE,K,0.913,-0.238675958,-0.985232068,1.47826087,0.067285383
572,18K276,1.748571429,1.607734807,FALSE,K,0.724,-0.278580815,-0.988333333,1.947368421,-0.024038462
573,18K279,2.576271186,2.235294118,TRUE,K,0.706,-0.345864662,-0.988296296,0.916666667,-0.044258373
574,18K285,2.127659574,1.56043956,FALSE,K,0.767,-0.204595186,-0.985723684,0.108108108,-0.085918854
576,18K366,2.795454545,1.177083333,FALSE,K,0.742,0.046272494,-0.988023256,-0.03030303,0.034005038
577,18K581,6.1875,2.854545455,TRUE,K,0.836,-0.029045643,-0.990408163,-0.096153846,-0.133402275
578,18K588,3.104347826,5.552631579,TRUE,K,0.833,-0.5,-0.984174312,0.046875,0
579,19K007,1.621004566,1.781395349,FALSE,K,0.868,-0.269338304,-0.986713287,0.290123457,0.029605263
580,19K013,2.241758242,2.850746269,TRUE,K,0.921,-0.155870445,-0.985421687,-0.13592233,0.008648649
581,19K065,2.621145374,1.889937107,TRUE,K,0.861,-0.136645963,-0.989082569,-0.066945607,0.101694915
582,19K089,2.906666667,2.109756098,FALSE,K,0.877,0.098654709,-0.98974026,-0.116883117,-0.005274262
583,19K108,2.28685259,1.983606557,FALSE,K,0.878,0.011223345,-0.98930131,-0.183333333,0.07518797
584,19K149,4.316831683,2.454545455,FALSE,K,0.892,-0.181326116,-0.983586207,-0.077922078,-0.020855057
585,19K158,2.417475728,2.575757576,FALSE,K,0.882,-0.085144928,-0.990273224,-0.112676056,-0.012195122
586,19K159,2.219047619,2.139423077,FALSE,K,0.896,-0.114754098,-0.985882353,-0.057324841,0.0725
587,19K171,2.364485981,1.769230769,TRUE,K,0.89,-0.506410256,-0.989141104,0.295154185,-0.051881994
588,19K190,2.742647059,1.728395062,TRUE,K,0.911,-0.054726368,-0.986511628,10.6,-0.01865285
589,19K202,2.144927536,1.852112676,TRUE,K,0.941,-0.484626647,-0.984099379,0.611940299,-0.004197272
590,19K213,1.439655172,1.546296296,TRUE,K,0.919,-0.411363636,-0.9916,0.49122807,-0.043248945
591,19K214,1.792035398,1.372611465,FALSE,K,0.88,-0.127144299,-0.99,0.02173913,0.053299492
592,19K218,1.43697479,0.429530201,TRUE,K,0.941,-0.225409836,-0.98852459,1.032,0.00751073
593,19K224,2.341772152,1.089430894,TRUE,K,0.941,-0.442016807,-0.987029703,1.142857143,-0.018789144
594,19K273,1.55,1.102189781,TRUE,K,0.891,-0.032352941,-0.990716981,0.428571429,0.112860892
595,19K290,2.078947368,1.557823129,FALSE,K,0.885,-0.240418118,-0.982945736,0.185929648,-0.020768432
596,19K292,1.634259259,1.329113924,TRUE,K,0.934,-0.27647868,-0.985852273,0.685714286,0.035986914
598,19K306,3.507246377,4.333333333,TRUE,K,0.95,-0.538690476,-0.991032028,-0.315789474,0.088474971
599,19K325,3.87012987,7.15,FALSE,K,0.919,-0.04040404,-0.990044053,0.28,-0.051041667
600,19K328,5.580645161,4.705882353,TRUE,K,0.95,-0.197402597,-0.988522167,-0.207407407,-0.04040404
601,19K345,1.161490683,1.766233766,FALSE,K,0.902,-0.162554427,-0.989407895,0.485436893,0.071604938
602,19K346,1.893203883,1.27173913,TRUE,K,0.77,-0.169642857,-0.985944444,-0.590909091,0.008235294
603,19K364,1.168888889,0.705882353,FALSE,K,0.838,-0.281842818,-0.984427861,3.6,0.043092522
604,19K409,1.609427609,1.004784689,TRUE,K,0.846,0.091880342,-0.978971963,1.384615385,0.005882353
605,19K422,7.022727273,10.72727273,TRUE,K,0.833,2.136094675,-0.988826291,0.388888889,-0.076426265
606,19K452,1.675276753,0.878980892,TRUE,K,0.759,0.044217687,-0.986363636,-0.148148148,0.101045296
607,19K677,3.0125,2.15037594,TRUE,K,0.937,-0.100719424,-0.989180328,0.714285714,0.068807339
608,19K678,1.969387755,3.848484848,TRUE,K,0.926,0.074380165,-0.988008658,1.804878049,0.025917927
609,20K030,1.506097561,1.287703016,TRUE,K,0.785,0.909803922,-0.984518519,-0.13963964,-0.008557457
610,20K048,1.609090909,1.163147793,FALSE,K,0.808,-0.086677368,-0.984594595,0.184549356,0.268333333
611,20K062,2.41025641,2.177777778,FALSE,K,0.854,-0.095605243,-0.989294118,-0.197761194,-0.042763158
612,20K069,1.73553719,1.336267606,FALSE,K,0.909,-0.109573241,-0.98862069,-0.185185185,-0.013499481
614,20K102,1.524663677,1.230483271,FALSE,K,0.617,0.039201183,-0.987177914,0,-0.086764706
615,20K104,1.921921922,1.256097561,TRUE,K,0.567,0.034716342,-0.988076923,0.117647059,-0.098214286
616,20K105,1.799392097,1.367720466,FALSE,K,0.929,-0.21920904,-0.9875,-0.262877442,0.139949109
617,20K112,1.372505543,0.953451043,FALSE,K,0.734,0.371698113,-0.989832402,0.056701031,-0.015714286
618,20K127,1.737003058,1.685649203,FALSE,K,0.663,-0.001930502,-0.989142857,0.121827411,-0.040816327
619,20K160,1.669376694,1.606995885,FALSE,K,0.93,-0.015948963,-0.9825,-0.197387518,0.157068063
620,20K163,1.748427673,1.145708583,TRUE,K,0.782,0.0128,-0.990707965,0.110497238,-0.058207218
621,20K164,2.041811847,1.633165829,TRUE,K,0.895,0.241252302,-0.989948187,-0.261538462,0.044554455
622,20K170,1.838323353,1.419642857,FALSE,K,0.828,0.088675214,-0.989640288,-0.163588391,-0.021645022
624,20K176,1.224806202,1.034285714,FALSE,K,0.824,-0.13437058,-0.988928571,0.36,0.026252983
625,20K179,1.722772277,2.138095238,FALSE,K,0.885,-0.187311178,-0.99,-0.0969163,0.053231939
626,20K180,1.737891738,1.389908257,TRUE,K,0.85,-0.070251518,-0.987808219,0.098290598,0.017281106
627,20K185,1.338551859,1.404,FALSE,K,0.413,-0.110650069,-0.986,0.102941176,-0.103524229
628,20K186,1.209876543,1.132505176,FALSE,K,0.765,0.167014614,-0.989319728,0.314893617,0.143525741
629,20K187,1.02457265,0.970766129,FALSE,K,0.6,0.012371134,-0.984366197,0.75,-0.045731707
630,20K192,2.509433962,2.253061224,TRUE,K,0.89,0.040518639,-0.990177778,-0.094076655,0.20056899
631,20K200,1.218421053,1.100719424,FALSE,K,0.795,0,-0.985773196,0.460674157,0.066326531
632,20K201,1.462890625,1.327556326,FALSE,K,0.668,0.212943633,-0.988684211,-0.043478261,-0.026631158
633,20K204,1.484848485,1.227347611,FALSE,K,0.671,-0.044596913,-0.987042254,0.315217391,-0.033377837
634,20K205,2.025889968,1.555309735,FALSE,K,0.753,0.181238616,-0.989382022,-0.352313167,0.097133758
635,20K220,3.237410072,1.876582278,FALSE,K,0.91,0.067142857,-0.988239437,-0.270341207,0.127107652
636,20K223,2.924324324,2.131487889,TRUE,K,0.913,-0.053078556,-0.987956204,-0.326203209,0.005291005
637,20K227,2.185365854,1.23655914,FALSE,K,0.845,0.245814307,-0.988873239,-0.262458472,-0.020674646
638,20K229,1.305769231,1.117924528,FALSE,K,0.536,0.089643168,-0.988461538,0.211111111,0.113345521
639,20K247,1.341747573,1.123955432,FALSE,K,0.714,0.07160804,-0.986728395,0.218009479,0.105351171
640,20K259,1.779792746,1.353703704,FALSE,K,0.748,0.306236861,-0.988991597,-0.337748344,-0.033374536
641,20K310,2.306666667,1.66221374,FALSE,K,0.886,0.120822622,-0.988198198,-0.334319527,-0.04218107
642,20K503,2.959349593,2.43715847,TRUE,K,0.929,-0.085519922,-0.988516746,0.022641509,-0.022869023
643,20K506,1.818181818,1.470989761,TRUE,K,0.924,-0.086741016,-0.985032258,0.296943231,-0.009384776
644,20K609,2.315972222,2.529411765,TRUE,K,0.883,0.15257732,-0.990555556,0.205607477,-0.029637761
645,20K682,1.605313093,1.154639175,TRUE,K,0.484,0.218023256,-0.986512821,0.896551724,0.044642857
646,20K686,1.205570292,1.108303249,TRUE,K,0.32,0.412698413,-0.991097561,0.76,0.464646465
647,20K748,0.7328844,0.886772487,FALSE,K,0.716,0.016129032,-0.985049505,0.474226804,0.31965812
648,21K090,1.470852018,1.573839662,FALSE,K,0.901,-0.048387097,-0.986910569,0.322580645,0.098573281
649,21K095,1.874172185,1.576732673,FALSE,K,0.787,0.029045643,-0.990543478,-0.132352941,0.083946981
650,21K096,2.295180723,1.949790795,TRUE,K,0.804,0.17440225,-0.991028037,0.077235772,0.079831933
651,21K097,1.224343675,1.18579235,FALSE,K,0.729,-0.094660194,-0.991340206,0.315555556,0.144518272
652,21K098,1.470031546,1.286111111,FALSE,K,0.529,0.171177762,-0.984769231,-0.25,-0.13964687
653,21K099,2.105485232,1.513846154,FALSE,K,0.821,0.045828437,-0.992151163,0.024291498,0.238249595
654,21K100,1.232245681,1.283363803,TRUE,K,0.497,0.149171271,-0.987810219,1.176470588,-0.126644737
655,21K101,1.580434783,1.253205128,FALSE,K,0.698,0.051020408,-0.985680473,0.48125,0.170434783
656,21K121,2.074626866,1.909657321,FALSE,K,0.785,-0.119047619,-0.988,0.770491803,0.328947368
657,21K128,1.820754717,1.614545455,FALSE,K,0.79,0.112195122,-0.987588652,0.333333333,-0.002350176
658,21K153,1.240687679,1.463541667,FALSE,K,0.816,0.071428571,-0.989217877,0.184684685,0.104285714
659,21K177,1.378125,1.295399516,FALSE,K,0.806,0.034663866,-0.990106383,0.157342657,0.1
660,21K188,1.947368421,1.161971831,FALSE,K,0.935,-0.362962963,-0.988130435,0.902439024,0.143034826
661,21K199,1.066390041,1.136460554,FALSE,K,0.825,0.187110187,-0.987094972,-0.140468227,-0.021176471
662,21K209,1.926573427,1.502631579,FALSE,K,0.747,0.066091954,-0.989352227,0.374269006,-0.037082818
663,21K212,2.008,2.012145749,FALSE,K,0.851,0.02359882,-0.987236181,0.139037433,0.034813926
664,21K215,1.490740741,1.118443316,TRUE,K,0.699,-0.137643379,-0.988015267,0.943925234,0.087289433
665,21K216,1.226327945,1.345153664,FALSE,K,0.729,0.227929374,-0.984765625,1.144144144,0.016172507
666,21K225,1.76,1.684,TRUE,K,0.864,0.108048512,-0.991441048,-0.032786885,0.294392523
667,21K226,2.090196078,1.248291572,FALSE,K,0.791,0.034170854,-0.991039604,0.790540541,-0.041224971
668,21K228,2.539473684,1.779874214,FALSE,K,0.715,0.429389313,-0.992216216,-0.053846154,-0.087677725
669,21K238,2.158940397,1.402912621,TRUE,K,0.892,0.1,-0.991228814,0.703389831,0.137566138
670,21K239,1.124078624,1.110137672,FALSE,K,0.384,0.025152439,-0.9816,0.5,-0.020671835
671,21K253,2.498349835,2.277915633,FALSE,K,0.893,0.171215881,-0.992454545,-0.085470085,0.13568521
672,21K281,1.917266187,1.672131148,TRUE,K,0.781,0.069668649,-0.988819876,0.062111801,0.026894866
673,21K288,3.803030303,1.771653543,FALSE,K,0.95,0.281596452,-0.988196078,-0.534883721,0.102325581
674,21K303,1.52173913,0.848214286,TRUE,K,0.844,0.012367491,-0.991920904,0.463636364,0.288709677
676,21K329,1.039473684,1.262295082,TRUE,K,0.95,-0.144469526,-0.985566502,0.36,-0.005235602
677,21K468,1.363636364,0.835694051,TRUE,K,0.691,0.277676951,-0.987986577,0.533333333,-0.065246338
678,21K690,1.636085627,1.069536424,FALSE,K,0.783,0.026607539,-0.9885,0.295081967,0.048941799
679,22K014,3.515151515,2.480916031,TRUE,K,0.857,-0.044802867,-0.991934307,0.375757576,0.014772727
680,22K052,1.244382022,1.1507431,FALSE,K,0.728,0.01774398,-0.98993007,0.909774436,0.017241379
681,22K078,2.605442177,2.230215827,TRUE,K,0.674,-0.400437637,-0.987671233,0.307692308,-0.091743119
682,22K109,2.469387755,2.922222222,TRUE,K,0.775,-0.063520871,-0.990107914,0.246575342,-0.028344671
684,22K119,1.788732394,1.943589744,FALSE,K,0.729,0.028436019,-0.990314465,0.128205128,0.197852761
685,22K134,1.871495327,1.669941061,FALSE,K,0.827,0.138576779,-0.990666667,-0.386934673,0.17032967
686,22K139,1.457364341,1.245033113,FALSE,K,0.735,-0.139289145,-0.987883212,-0.292307692,-0.075242718
687,22K152,1.912442396,1.59030837,TRUE,K,0.843,-0.339622642,-0.986078431,0.285714286,0.121786198
689,22K193,1.322834646,1.422764228,FALSE,K,0.689,-0.253150057,-0.987409639,0.316901408,-0.046482412
690,22K194,1.240963855,1.994818653,FALSE,K,0.909,0.197802198,-0.986883117,0.217391304,0.168865435
691,22K195,1.203305785,1.197014925,FALSE,K,0.295,0.058823529,-0.991358025,0.645833333,-0.029126214
692,22K197,1.642857143,1.413870246,FALSE,K,0.716,0.549728752,-0.99235023,0.61928934,0.156462585
693,22K198,1.699453552,1.357142857,FALSE,K,0.757,-0.237816764,-0.987127072,-0.697674419,-0.064590542
694,22K203,1.724137931,2.004716981,FALSE,K,0.703,-0.219354839,-0.987091837,0.090909091,0.156302521
695,22K206,1.298013245,1.039930556,FALSE,K,0.637,0.097631012,-0.988828829,0.431952663,-0.004304161
696,22K207,1.225,1.081761006,FALSE,K,0.433,-0.149371069,-0.989012346,1.047619048,-0.078585462
697,22K217,1.603333333,1.286432161,FALSE,K,0.809,-0.137480799,-0.990070922,0.141509434,0.130813953
698,22K222,1.389452333,1.398576512,FALSE,K,0.413,-0.005780347,-0.988920188,1.469387755,-0.066921606
699,22K234,1.169172932,0.97092084,FALSE,K,0.683,-0.164251208,-0.984255319,0.12195122,0.088888889
700,22K236,1.498989899,1.464503043,TRUE,K,0.36,0.04130809,-0.988623188,0.105263158,-0.145374449
701,22K240,2.211538462,1.116504854,TRUE,K,0.824,-0.259825328,-0.984880952,0.333333333,0.041412911
702,22K245,1.594982079,0.995495495,FALSE,K,0.827,-0.091216216,-0.983024691,-0.3046875,0.012875536
703,22K251,1.333333333,1.127906977,FALSE,K,0.827,-0.246073298,-0.990744186,0.183673469,0.162554427
704,22K254,1.332688588,1.319286872,FALSE,K,0.554,0.07,-0.984827586,0.343558282,-0.119565217
705,22K255,1.140425532,1.19122807,FALSE,K,0.742,-0.003456221,-0.990994764,0.503267974,-0.019255456
706,22K277,1.216981132,1.386075949,FALSE,K,0.407,-0.088937093,-0.9887,1.3,0.129310345
707,22K278,2.305555556,2.19138756,FALSE,K,0.557,0.130475303,-0.988867925,-0.021276596,-0.078512397
708,22K312,1.381057269,1.223123732,FALSE,K,0.474,-0.185918592,-0.986060606,0.40625,0.06374502
709,22K315,1.986956522,2.210526316,TRUE,K,0.837,-0.250891795,-0.987263682,0.495726496,-0.008027523
711,22K381,2.863157895,2.527950311,TRUE,K,0.753,-0.245382586,-0.988100559,2.266666667,0.329842932
712,23K041,3.353846154,2.037735849,FALSE,K,0.95,-0.399638336,-0.988252788,0.357142857,-0.043303122
714,23K137,2.984375,1.432291667,FALSE,K,0.88,-0.340136054,-0.986970954,0.322580645,-0.001126126
715,23K150,1.988095238,1.055045872,TRUE,K,0.95,-0.103286385,-0.991409836,-0.529032258,-0.031600408
716,23K155,1.840707965,2.314814815,FALSE,K,0.916,-0.240704501,-0.990144928,0.537190083,-0.021627188
717,23K156,1.701754386,2.128205128,TRUE,K,0.895,-0.264030612,-0.989753695,-0.384615385,-0.012008734
718,23K165,2.607142857,7.14,FALSE,K,0.865,-0.394067797,-0.991090909,-0.811320755,0.052030457
719,23K178,1.829896907,3.191011236,TRUE,K,0.915,-0.302832244,-0.989945355,0.035087719,0.008938547
720,23K184,1.487179487,1.118181818,FALSE,K,0.95,-0.084063047,-0.983485714,0.68,-0.03062302
721,23K284,3.464788732,2.08490566,TRUE,K,0.95,-0.521294719,-0.991391941,-0.297520661,-0.035532995
722,23K298,4.897959184,9.518518519,TRUE,K,0.95,0.033670034,-0.990451128,0.078431373,-0.020618557
723,23K323,1.136986301,4.567567568,TRUE,K,0.942,0.23059867,-0.989395604,0.862068966,0.053872054
724,23K327,2.354166667,1.052631579,FALSE,K,0.906,-0.539432177,-0.988732394,0.140350877,0.099537037
725,23K363,3.577777778,0.969512195,TRUE,K,0.95,1.275,-0.987228464,-0.01,-0.034871795
726,23K392,1.160839161,0.909401709,TRUE,K,0.758,0.22556391,-0.960444444,inf,0.137789905
727,23K401,4.584615385,3.984615385,TRUE,K,0.95,0.327868852,-0.991879699,2.333333333,-0.017580145
728,23K518,1.375,0.991735537,TRUE,K,0.888,-0.223175966,-0.980944444,4.5,0.079289941
729,23K522,1.01910828,0.272727273,TRUE,K,0.897,-0.269607843,-0.979671053,-1,-0.005370569
730,23K644,2.067669173,7.75,TRUE,K,0.768,0.237816764,-0.987563025,-0.642857143,0.029792746
731,23K671,1.903846154,3.267326733,TRUE,K,0.928,-0.046948357,-0.989503546,0.111111111,0.105937136
732,24Q005,1.610795455,1.416201117,TRUE,Q,0.8,0.083333333,-0.98707483,-0.005555556,0.211246201
733,24Q007,1.59025788,1.131931166,TRUE,Q,0.784,0.197145406,-0.98904,-0.309222423,-0.057174888
734,24Q012,1.462871287,1.601873536,FALSE,Q,0.787,-0.12109375,-0.986551724,0.058823529,-0.046052632
735,24Q013,1.100795756,0.955193483,FALSE,Q,0.804,-0.134411948,-0.986814159,-0.147692308,0.159701493
736,24Q014,1.163716814,1.069686411,FALSE,Q,0.867,-0.177027827,-0.986973684,0.365942029,0.09947644
737,24Q016,1.297297297,1.397810219,FALSE,Q,0.907,-0.188255613,-0.987959184,0.028103044,0.167758847
738,24Q019,1.640552995,1.406015038,FALSE,Q,0.888,-0.058643549,-0.988022599,-0.121212121,0.118159204
739,24Q049,1.363636364,1.25,FALSE,Q,0.397,0.07078853,-0.986811594,0.407407407,-0.063291139
740,24Q058,1.469496021,1.127388535,TRUE,Q,0.591,-0.018237082,-0.990060606,-0.140495868,-0.048812665
741,24Q061,2.104166667,1.232432432,FALSE,Q,0.887,-0.037807986,-0.986863905,0.188461538,-0.026232949
742,24Q068,1.399267399,1.597785978,FALSE,Q,0.771,-0.301158301,-0.9858125,-0.263414634,0.090909091
743,24Q071,1.531598513,1.247641509,FALSE,Q,0.72,-0.28994709,-0.986296296,0.218978102,0.007151371
744,24Q073,2.003623188,1.579104478,FALSE,Q,0.706,0.175058548,-0.988518519,-0.185185185,0.158069884
745,24Q077,2.326388889,1.448484848,FALSE,Q,0.815,-0.192059095,-0.987957447,0.004716981,-0.017640573
746,24Q081,2.228723404,1.817857143,FALSE,Q,0.851,-0.390838207,-0.989921875,0.707317073,-0.001228501
747,24Q087,1.881188119,1.654362416,FALSE,Q,0.569,0.064912281,-0.992150538,0.169230769,-0.058208955
748,24Q088,1.521551724,1.397959184,FALSE,Q,0.659,-0.288288288,-0.987719298,-0.405263158,-0.053846154
749,24Q089,1.869402985,1.238961039,FALSE,Q,0.836,-0.138313983,-0.988486842,0.048309179,0.205278592
750,24Q091,1.833333333,1.414239482,FALSE,Q,0.578,-0.063473054,-0.991606218,0.5,-0.087365591
751,24Q093,2.313131313,1.534412955,FALSE,Q,0.764,-0.035087719,-0.987202381,-0.013986014,0.073426573
752,24Q102,1.594666667,1.282352941,FALSE,Q,0.736,0.0322841,-0.988898305,-0.08125,-0.042105263
753,24Q113,1.420935412,1.435789474,FALSE,Q,0.363,-0.108135942,-0.988203125,0.962962963,-0.316023739
754,24Q119,1.339215686,1.217228464,FALSE,Q,0.497,0.251184834,-0.992677165,-0.189189189,-0.079470199
755,24Q125,1.756410256,1.279255319,FALSE,Q,0.805,-0.15916955,-0.989324324,-0.088235294,0.298360656
756,24Q128,1.384473198,1.174216028,TRUE,Q,0.289,0.051705171,-0.986818182,0.21875,0.049707602
757,24Q143,1.731543624,1.47,FALSE,Q,0.89,-0.295416897,-0.984733333,0.605333333,-0.018967334
758,24Q153,1.332518337,1.390361446,FALSE,Q,0.572,-0.27303989,-0.984921875,0.04587156,-0.106353591
759,24Q199,1.75862069,1.089655172,FALSE,Q,0.791,-0.289256198,-0.98825,-0.244655582,0.161741835
760,24Q229,1.301552106,1.179439252,FALSE,Q,0.599,-0.102001291,-0.989945055,-0.142857143,0.017595308
761,24Q239,2.615384615,1.759562842,TRUE,Q,0.83,-0.261494253,-0.989099526,-0.066433566,-0.110882957
762,24Q305,2.554285714,1.935275081,TRUE,Q,0.776,0.359036145,-0.987180851,0.337078652,-0.08871851
763,24Q307,1.467532468,1.612676056,TRUE,Q,0.889,-0.103696099,-0.9859375,0.316831683,-0.037639878
764,24Q560,1.234769688,1.596622889,FALSE,Q,0.61,0.034865293,-0.986833333,-0.615384615,-0.111111111
765,25Q020,1.772881356,1.211367673,FALSE,Q,0.834,-0.170731707,-0.9866,-0.102777778,-0.042462845
766,25Q021,1.289855072,1.120954003,FALSE,Q,0.695,-0.014792899,-0.98992126,0.925619835,0.009259259
767,25Q022,1.422077922,1.245192308,FALSE,Q,0.793,0.064039409,-0.988545455,0.220963173,-0.014541387
768,25Q024,1.398210291,1.245749614,FALSE,Q,0.753,0.161670236,-0.99042735,-0.087403599,0.258741259
770,25Q025,1.568445476,1.165725047,TRUE,Q,0.539,0.366666667,-0.99112426,0.826086957,-0.019292605
771,25Q029,1.888111888,1.215686275,FALSE,Q,0.763,-0.075324675,-0.987530864,0.299559471,-0.008064516
772,25Q032,1.092503987,1,FALSE,Q,0.583,0.083421331,-0.988095238,0.285714286,0.034214619
773,25Q079,1.776442308,1.511247444,FALSE,Q,0.466,0.121025641,-0.990887097,0.773333333,0.082514735
774,25Q107,1.291855204,1.180933852,FALSE,Q,0.654,-0.034055728,-0.990493827,0.81294964,0.082251082
775,25Q120,1.405263158,1.163822526,FALSE,Q,0.794,-0.061664954,-0.987818182,-0.087179487,0.238636364
776,25Q129,1.616541353,1.361781076,FALSE,Q,0.671,0.023919043,-0.990125,0.934579439,0.033986928
777,25Q130,1.442990654,1.079701121,TRUE,Q,0.426,0.154727794,-0.988767123,0.048780488,0.506289308
778,25Q154,1.441463415,1.059760956,TRUE,Q,0.7,-0.079658606,-0.98552,-0.115384615,-0.009987516
779,25Q163,1.268240343,1.123188406,FALSE,Q,0.697,0.314332248,-0.989256198,0.123529412,0.025542784
780,25Q164,1.18336887,0.829351536,FALSE,Q,0.588,0.077419355,-0.989526627,-0.341085271,-0.071335927
781,25Q165,1.291242363,1.207865169,FALSE,Q,0.633,-0.055702918,-0.98665,-0.050724638,-0.076086957
782,25Q169,1.031809145,1.268867925,TRUE,Q,0.343,-0.027777778,-0.990529101,1.314285714,-0.042780749
783,25Q184,1.580573951,1.618951613,FALSE,Q,0.428,0.043392505,-0.989133333,0.430379747,0.014799154
784,25Q185,1.555555556,1.117957746,FALSE,Q,0.668,-0.032236842,-0.989130435,0.303030303,-0.018567639
785,25Q189,1.446202532,1.281795511,TRUE,Q,0.818,-0.014745308,-0.989891304,-0.205776173,0.318952234
786,25Q193,1.338114754,1.380398671,FALSE,Q,0.273,0.142,-0.987272727,-0.3125,-0.09798995
787,25Q194,1.314855876,1.352813853,FALSE,Q,0.518,0.238232469,-0.98979021,0.421875,-0.047463175
788,25Q200,1.901639344,1.976190476,FALSE,Q,0.578,0.181034483,-0.989856459,-0.281690141,-0.033512064
789,25Q201,2.102459016,2.044052863,FALSE,Q,0.817,-0.019027484,-0.988738318,-0.197802198,0.138528139
790,25Q209,1.297445255,1.206140351,TRUE,Q,0.35,-0.118022329,-0.991117318,1.441860465,0.124277457
791,25Q214,1.584382872,1.551652893,FALSE,Q,0.719,-0.130526316,-0.988797468,0.268292683,-0.030495553
792,25Q219,1.986710963,1.438636364,FALSE,Q,0.637,0.040783034,-0.98796,0.013793103,-0.08984375
793,25Q237,1.734177215,1.391129032,TRUE,Q,0.766,0.107026144,-0.990483871,-0.057777778,-0.087056128
794,25Q242,1.6875,1.162310867,FALSE,Q,0.642,-0.017114914,-0.98968,-0.006097561,-0.091633466
795,25Q244,1.017084282,1.007001167,FALSE,Q,0.724,0.109813084,-0.989285714,0.098393574,-0.027534418
796,25Q250,1.801843318,1.66507177,TRUE,Q,0.786,0.079027356,-0.989951691,-0.093959732,0.016393443
797,25Q252,1.374689826,0.912735849,TRUE,Q,0.579,0.011864407,-0.98858156,0.363636364,-0.008756567
798,25Q281,1.510638298,1.147590361,TRUE,Q,0.684,0.035769829,-0.988429752,-0.528571429,-0.055155875
799,25Q285,1.486238532,1.174556213,TRUE,Q,0.467,-0.004926108,-0.991013825,2.6,0.201646091
800,25Q294,1.581740977,1.39957265,TRUE,Q,0.425,-0.016348774,-0.990103627,-0.166666667,-0.041237113
801,25Q499,1.404676259,1.246855346,TRUE,Q,0.455,0.033596838,-0.988735632,-0.361111111,-0.051724138
802,26Q018,1.434077079,1.483622351,FALSE,Q,0.512,-0.211838006,-0.984,0.569444444,0.130681818
803,26Q026,1.346303502,1.169303797,TRUE,Q,0.593,0.076569678,-0.990756757,1.171875,0.048387097
804,26Q031,1.397058824,1.049926579,FALSE,Q,0.489,-0.034351145,-0.984920635,-0.126865672,-0.029010239
805,26Q041,1.297507788,1.070110701,TRUE,Q,0.379,-0.158928571,-0.986141732,0.545454545,0.060526316
806,26Q046,1.262184874,1.232394366,FALSE,Q,0.478,-0.067474048,-0.991156463,0.23364486,0.115646259
807,26Q067,1.26910828,1.089385475,FALSE,Q,0.34,0.182332956,-0.98827957,1.69E-16,0.125
808,26Q074,1.262376238,1.138968481,FALSE,Q,0.406,0.157684631,-0.989357143,0.5,-0.061143984
809,26Q094,1.95035461,1.547038328,FALSE,Q,0.392,-0.14713217,-0.991230769,0.628571429,0.252747253
810,26Q098,1.14957265,1.317683881,FALSE,Q,0.224,0.280542986,-0.9806,-1.93E-16,-0.048076923
811,26Q115,1.2,1.307692308,FALSE,Q,0.389,0.191950464,-0.988979592,0.070175439,-0.12173913
812,26Q133,1.36,1.04,FALSE,Q,0.451,0.495098039,-0.992955665,-0.274725275,-0.138147567
813,26Q158,1.332068311,1.137190083,FALSE,Q,0.459,-0.049107143,-0.988333333,-0.183098592,0.101398601
814,26Q159,1.329824561,1.155688623,FALSE,Q,0.454,0.054313099,-0.989236641,0.462809917,0.04526749
815,26Q162,1.104477612,1.022516556,FALSE,Q,0.494,-0.087201125,-0.987878788,0.893129771,0.01369863
816,26Q172,1.409465021,1.060550459,FALSE,Q,0.511,0.042355372,-0.989559748,1.75,-0.027642276
817,26Q173,1.139495798,1.04155496,FALSE,Q,0.517,0.011640212,-0.986747967,-0.163636364,-0.051839465
818,26Q178,1.41607565,1.031894934,FALSE,Q,0.373,0.057407407,-0.982903226,0.615384615,0.00968523
819,26Q186,1.310408922,1.0152207,TRUE,Q,0.356,0.016393443,-0.98962069,2.181818182,0.052341598
820,26Q188,1.085534591,1.016816143,FALSE,Q,0.241,0.107309487,-0.9909,0.243243243,0.115079365
821,26Q191,1.558823529,1.228714524,TRUE,Q,0.563,-0.058679707,-0.988467153,-0.12962963,0.182142857
822,26Q203,1.123847167,1.028888889,FALSE,Q,0.364,-0.043478261,-0.990655738,0.538461538,0.114795918
823,26Q205,1.129655172,1.071969697,TRUE,Q,0.277,-0.028753994,-0.990867052,0.311111111,-0.157746479
824,26Q213,1.12312812,1.061674009,TRUE,Q,0.515,0.055427252,-0.984782609,0.763888889,0.158995816
825,26Q216,1.511952191,1.221362229,FALSE,Q,0.588,0.153958944,-0.9898,-0.302325581,-0.05034965
826,26Q221,1.102719033,0.990849673,FALSE,Q,0.319,0,-0.989635036,0.196721311,0.118110236
827,26Q266,1.157598499,0.896661367,TRUE,Q,0.386,-0.094339623,-0.984,0.173913043,-0.002105263
828,27Q042,2.911392405,5.488372093,TRUE,Q,0.917,-0.00770416,-0.987051282,0.137931034,-0.008350731
829,27Q043,2.120689655,1.303797468,TRUE,Q,0.892,-0.176811594,-0.988909091,-0.215053763,0.023230088
830,27Q045,1.151394422,1.116883117,FALSE,Q,0.75,-0.247139588,-0.989135802,0.886792453,0.034482759
831,27Q047,1.134575569,0.898272553,FALSE,Q,0.358,0.103448276,-0.985172414,inf,0.069060773
832,27Q053,1.913793103,3.217391304,TRUE,Q,0.924,-0.521367521,-0.988702532,0.201492537,0.287965616
833,27Q056,1.869863014,1.540540541,FALSE,Q,0.741,-0.099273608,-0.98625,1.198275862,-0.078362573
834,27Q060,1.734328358,1.437751004,FALSE,Q,0.753,-0.104976672,-0.98952381,0.568965517,-0.083710407
835,27Q062,1.550964187,1.364705882,FALSE,Q,0.76,0.018640351,-0.986129032,0.106557377,0.032163743
836,27Q063,1.371601208,1.299760192,FALSE,Q,0.725,-0.114457831,-0.989594595,0.264957265,-0.050119332
837,27Q064,2.02189781,1.161137441,FALSE,Q,0.806,-0.196290572,-0.985315315,0.028409091,0.114825581
838,27Q065,1.95532646,2.310344828,FALSE,Q,0.764,-0.070866142,-0.989710983,0.316455696,0.12808642
839,27Q066,1.395778364,1.707808564,FALSE,Q,0.679,-0.126394052,-0.991967871,0.594444444,-0.035469108
840,27Q090,1.489164087,1.80866426,FALSE,Q,0.753,-0.15505618,-0.991223404,0.104712042,-0.046255507
841,27Q096,1.993421053,2.203389831,FALSE,Q,0.74,-0.049689441,-0.987605634,0.470588235,-0.032657658
842,27Q097,1.451428571,1.119101124,FALSE,Q,0.761,-0.031563845,-0.987132353,0.351190476,-0.00908059
843,27Q100,1.700325733,1.747252747,FALSE,Q,0.661,-0.1,-0.989734043,0.273972603,0.116638079
844,27Q104,1.580310881,1.305454545,FALSE,Q,0.876,-0.022187005,-0.989802956,0.833333333,0.184549356
845,27Q105,2.943661972,1.918918919,FALSE,Q,0.937,-0.009467456,-0.984742268,-0.196078431,0.132334582
846,27Q106,0.657320872,1.882758621,FALSE,Q,0.947,-0.165919283,-0.98875,0.8,-0.019791667
847,27Q108,1.391100703,1.476958525,FALSE,Q,0.655,-0.066256831,-0.987368421,1.024390244,-0.046783626
848,27Q114,1.632135307,1.462184874,FALSE,Q,0.194,0.053811659,-0.98862069,-0.555555556,0.264248705
849,27Q123,3.022222222,2.477272727,FALSE,Q,0.688,-0.038518519,-0.988953488,0.722222222,-0.098146129
850,27Q124,1.627062706,1.335294118,FALSE,Q,0.68,-0.170623145,-0.98968,1,0.161524501
851,27Q137,1.973880597,1.325373134,FALSE,Q,0.722,0.020855057,-0.988153846,0.098765432,-0.050056883
852,27Q146,2.076923077,1.515463918,FALSE,Q,0.351,-0.161428571,-0.989650655,0.35,-0.195381883
853,27Q155,2.18815331,2.390243902,FALSE,Q,0.679,-0.085284281,-0.989037037,-0.15,-0.04535865
854,27Q183,2.206521739,3.196969697,FALSE,Q,0.909,-0.133458647,-0.986080586,0.861111111,-0.026399155
855,27Q197,8.081081081,8.183673469,FALSE,Q,0.858,-0.007648184,-0.989753695,0.125786164,-0.089783282
856,27Q202,1.889328063,1.052631579,TRUE,Q,0.715,0.066019417,-0.988382353,-0.277777778,-0.13118527
857,27Q207,1.146788991,1.060721063,FALSE,Q,0.204,-0.090305445,-0.990536585,inf,-0.317016317
858,27Q210,1.581395349,1.103448276,FALSE,Q,0.787,-0.066115702,-0.989520958,0.266129032,-0.064994299
859,27Q223,1.203319502,1.701570681,FALSE,Q,0.77,-0.187594554,-0.988702703,0.6,-0.075451647
860,27Q226,2.309859155,1.903703704,TRUE,Q,0.756,-0.235096558,-0.99040201,0.275862069,0.07804878
861,27Q232,1.286315789,1.021505376,FALSE,Q,0.576,-0.116104869,-0.985671642,-0.117647059,-0.080645161
862,27Q253,1.73943662,1.488262911,TRUE,Q,0.906,0.072407045,-0.986304348,0.344680851,0.009564293
863,27Q254,1.578635015,1.029752066,TRUE,Q,0.709,-0.05351682,-0.988758621,1.841269841,-0.065517241
864,27Q262,2.961538462,3.991452991,TRUE,Q,0.69,0.677570093,-0.989469697,0.571428571,-0.036437247
865,27Q282,2.364864865,1.970479705,TRUE,Q,0.799,0.064885496,-0.975526316,0.413043478,0.001164144
866,27Q306,1.224489796,1.157068063,FALSE,Q,0.717,-0.217118998,-0.986300578,0.455223881,-0.063829787
867,27Q309,2.638655462,1.935897436,TRUE,Q,0.865,0.063391442,-0.99006135,0.988888889,0.065491184
868,27Q317,2.994285714,3.97761194,TRUE,Q,0.63,0.154195011,-0.98974359,-0.065420561,-0.19858156
869,27Q318,3.024390244,3.095238095,TRUE,Q,0.782,0.281609195,-0.990940767,0.263157895,-0.021064302
870,27Q319,6.066666667,3.927536232,TRUE,Q,0.871,0.145061728,-0.99,0.097744361,0.126344086
871,27Q323,1.074592075,1.01816118,FALSE,Q,0.357,0.046288907,-0.77,inf,-0.182835821
872,27Q333,2.662921348,1.527472527,TRUE,Q,0.794,-0.234750462,-0.9744,inf,-0.127058824
873,28Q008,3.368932039,3.238636364,TRUE,Q,0.801,-0.221254355,-0.9912749,0.475609756,-0.003444317
874,28Q040,4.451219512,3.065693431,TRUE,Q,0.852,-0.379139073,-0.987317073,0.893939394,-0.075
875,28Q048,3.301369863,4.274336283,TRUE,Q,0.841,0.075098814,-0.990328638,0.49122807,0.020594966
876,28Q050,1.802325581,1.36,FALSE,Q,0.78,0.103896104,-0.990384615,0.192857143,-0.029063509
877,28Q054,2.098290598,1.453608247,FALSE,Q,0.824,-0.092495637,-0.987697368,-0.113207547,0.222560976
878,28Q055,2.552238806,1.987903226,FALSE,Q,0.7,-0.049429658,-0.990751445,0.606557377,-0.10882016
879,28Q072,2.228070175,1.118644068,TRUE,Q,0.787,-0.693348365,-0.98592233,0.888888889,-0.02919708
880,28Q080,1.933673469,2.005025126,FALSE,Q,0.711,-0.149280576,-0.992145455,1.461538462,-0.063473054
881,28Q082,1.787037037,1.941798942,FALSE,Q,0.859,-0.040752351,-0.987852349,0.15658363,-0.125941873
882,28Q086,1.764925373,1.9390681,FALSE,Q,0.834,-0.168635875,-0.990140845,-0.164670659,0.195814649
883,28Q099,1.906906907,1.68321513,FALSE,Q,0.562,-0.15852205,-0.988409091,0.036036036,-0.088757396
884,28Q101,1.184782609,1.155898876,FALSE,Q,0.143,0.158432709,-0.98137931,-0.392857143,-0.2760181
885,28Q117,1.36969697,1.517808219,FALSE,Q,0.714,-0.107039537,-0.98808642,0.4375,0.276923077
886,28Q121,1.834224599,1.444444444,FALSE,Q,0.645,-0.035211268,-0.987857143,0.258064516,-0.09837963
887,28Q139,1.339066339,1.131086142,FALSE,Q,0.622,-0.189003436,-0.990573248,0.267045455,-0.012269939
888,28Q140,4.353982301,3.972972973,FALSE,Q,0.803,-0.262103506,-0.989157895,0.8,-0.085443038
889,28Q144,1.233151184,1.132440476,FALSE,Q,0.22,0.156983931,-0.987807018,-0.039215686,-0.271698113
890,28Q157,1.502403846,1.364779874,FALSE,Q,0.504,0.14295393,-0.991547619,-0.327731092,-0.136507937
891,28Q160,1.955307263,3.144329897,FALSE,Q,0.795,-0.104477612,-0.990314136,0.810344828,-0.085963003
892,28Q161,1.357630979,1.327835052,FALSE,Q,0.723,-0.163841808,-0.99125,-0.095238095,-0.071817193
893,28Q167,1.306784661,1.293577982,TRUE,Q,0.542,0.361983471,-0.98989899,0.388888889,0.117355372
894,28Q174,1.387423935,1.377733598,FALSE,Q,0.364,-0.022189349,-0.989333333,0.247311828,-0.134177215
895,28Q175,1.301745636,1.361050328,FALSE,Q,0.53,0.105335157,-0.986637931,0.012195122,-0.083061889
896,28Q182,1.802884615,1.353191489,TRUE,Q,0.849,-0.286014721,-0.988414634,0.204472843,-0.00210084
897,28Q190,1.57605985,1.346491228,FALSE,Q,0.442,0.113748764,-0.992060606,0.215189873,-0.204946996
898,28Q196,1.286324786,1.230379747,FALSE,Q,0.227,0.423025435,-0.988739496,-0.140625,-0.012
899,28Q206,1.869198312,1.599369085,FALSE,Q,0.698,-0.054635762,-0.987272727,0.132075472,-0.096296296
901,28Q217,1.767241379,1.538461538,FALSE,Q,0.781,0.048436542,-0.989367089,-0.040697674,0.197452229
902,28Q220,1.495384615,1.422043011,FALSE,Q,0.674,-0.026124819,-0.992828947,0.150259067,-0.036241611
903,28Q284,1.52955665,1.176842105,TRUE,Q,0.526,0.079391892,-0.984189189,-0.285714286,-0.02875817
904,28Q303,1.333333333,1.391111111,FALSE,Q,0.223,0.39408867,-0.989537037,-0.733333333,0.316455696
905,28Q310,2.164383562,2.360824742,TRUE,Q,0.739,0.038639876,-0.989647887,-0.063829787,-0.004550626
906,28Q354,2.939393939,1.669603524,FALSE,Q,0.728,0.211363636,-0.99,-0.348837209,-0.105736783
907,28Q680,1.187088274,1.200542005,TRUE,Q,0.577,-0.144266338,-0.978870968,0.5,-0.206711409
908,28Q896,2.129973475,3.089068826,FALSE,Q,0.626,0.009009009,-0.988016529,0.285714286,0.50931677
909,29Q015,1.663461538,1.362369338,FALSE,Q,0.696,-0.147826087,-0.985229358,1.533333333,-0.150234742
910,29Q033,1.637462236,1.723776224,FALSE,Q,0.63,-0.09569378,-0.989469697,0.395833333,-0.00656168
911,29Q034,1.638596491,1.4375,FALSE,Q,0.715,0.01598579,-0.991288344,0.317647059,-0.02530253
912,29Q035,1.342560554,1.442244224,TRUE,Q,0.745,0.022189349,-0.988560606,0.359649123,-0.094339623
913,29Q036,2.194244604,1.036809816,FALSE,Q,0.743,-0.277327935,-0.989660194,0.558823529,0.178170144
914,29Q037,1.675159236,2.2421875,TRUE,Q,0.779,-0.353479853,-0.988409091,0.071428571,0.020757021
915,29Q038,2.626666667,3.215789474,FALSE,Q,0.538,0.325123153,-0.992626728,2,-0.139851485
916,29Q052,1.334821429,1.520958084,FALSE,Q,0.79,-0.25984252,-0.989121951,1.256410256,0.228951256
917,29Q059,4,3.172043011,TRUE,Q,0.681,0.014059754,-0.988242424,0.428571429,-0.072655218
918,29Q095,1.691082803,1.492581602,FALSE,Q,0.784,-0.028436019,-0.988691589,-0.254295533,0.049365303
919,29Q109,1.694560669,1.509433962,FALSE,Q,0.613,0.098130841,-0.986173913,-0.12345679,-0.135897436
920,29Q116,1.992805755,2.148648649,FALSE,Q,0.824,0.098273572,-0.990051546,1.584269663,0.0781893
921,29Q118,1.619512195,1.312883436,FALSE,Q,0.751,-0.282352941,-0.99,1.06122449,0.091454273
922,29Q131,1.584650113,1.232472325,TRUE,Q,0.68,-0.163095238,-0.983636364,-0.353488372,0.053488372
923,29Q132,2.528634361,2.813471503,FALSE,Q,0.638,-0.069164265,-0.988811881,1.642857143,-0.100478469
924,29Q134,3.111888112,3.111111111,TRUE,Q,0.788,-0.338809035,-0.993237705,0.52173913,-0.011961722
925,29Q135,1.453038674,1.211956522,FALSE,Q,0.632,-0.09352518,-0.986131387,0.547368421,0.075174825
926,29Q136,2.308900524,2.01863354,FALSE,Q,0.729,-0.195238095,-0.991812865,1.24137931,-0.156692057
927,29Q138,2.157894737,1.550458716,TRUE,Q,0.677,-0.214375788,-0.989578313,0.815789474,-0.024173028
928,29Q147,1.455399061,1.433823529,TRUE,Q,0.621,-0.201428571,-0.983255814,0.777777778,-0.146835443
929,29Q156,1.694915254,2.212765957,TRUE,Q,0.612,-0.566079295,-0.992164948,2.307692308,-0.164540816
930,29Q176,1.267108168,1.54954955,FALSE,Q,0.437,-0.024291498,-0.986494845,-0.684210526,-0.158176944
931,29Q181,2.349344978,2.11627907,FALSE,Q,0.675,-0.115384615,-0.983272727,0.592592593,-0.090101523
932,29Q192,3.619565217,2.333333333,TRUE,Q,0.674,-0.111742424,-0.990165975,0.147540984,-0.129411765
933,29Q195,1.643243243,1.99137931,FALSE,Q,0.624,-0.306666667,-0.991657754,2.2,-0.080183276
934,29Q208,1.945512821,1.431122449,TRUE,Q,0.387,0.012278308,-0.987757576,0.2,-0.285714286
935,29Q238,1.83625731,1.497461929,FALSE,Q,0.749,-0.182534471,-0.989863946,0.330769231,-0.078947368
936,29Q251,1.669172932,1.187192118,FALSE,Q,0.645,0.003003003,-0.986037736,3.333333333,-0.064020487
937,29Q259,2.181818182,1.779141104,TRUE,Q,0.556,0.039076377,-0.988993289,-0.2,-0.007968127
938,29Q268,2.216981132,1.786956522,TRUE,Q,0.744,0.060855263,-0.988206897,2.358490566,-0.134174312
939,29Q270,1.869402985,2.364705882,TRUE,Q,0.451,0.136431784,-0.989235669,0.333333333,0.444444444
940,29Q283,1.95202952,1.488687783,TRUE,Q,0.593,0.067049808,-0.989668874,2.727272727,-0.02300406
941,29Q295,1.617886179,1.099537037,TRUE,Q,0.631,-0.057553957,-0.98673913,0.064935065,-0.049200492
942,29Q327,1.511111111,1.229508197,FALSE,Q,0.609,0.220289855,-0.989070796,1.333333333,0.030042918
943,29Q355,4.35443038,2.779220779,TRUE,Q,0.691,-0.27311828,-0.989411765,1.208333333,0.009888752
944,29Q356,4.272727273,6.72,TRUE,Q,0.728,-0.270386266,-0.987009804,0.577777778,0.068090788
945,30Q002,2.298360656,2.059322034,FALSE,Q,0.659,-0.21732746,-0.986054422,-0.193548387,-0.073834197
946,30Q010,2.121212121,1.440433213,FALSE,Q,0.826,-0.13340564,-0.987701863,0.115942029,0.32137031
947,30Q011,1.510086455,1.274004684,FALSE,Q,0.69,-0.31403118,-0.987607362,-0.131687243,0.211786372
948,30Q017,1.471962617,1.861904762,TRUE,Q,0.774,0.145348837,-0.990521327,0.18226601,0.02970297
949,30Q069,1.305122494,1.27198364,FALSE,Q,0.657,-0.218344156,-0.98275,0.32,0.0642978
950,30Q070,1.713872832,1.64109589,FALSE,Q,0.748,-0.204901961,-0.987936508,-0.043290043,-0.043373494
952,30Q076,1.819444444,1.652694611,TRUE,Q,0.871,-0.261403509,-0.991840796,-0.083333333,0.151898734
953,30Q078,1.673809524,1.246073298,TRUE,Q,0.208,0.984084881,-0.986732673,-0.280487805,-0.473087819
954,30Q084,2.515037594,2.527559055,FALSE,Q,0.556,-0.247813411,-0.989939759,-0.133333333,0.171624714
955,30Q085,1.155109489,1.077601411,FALSE,Q,0.461,0.161634103,-0.990813008,0.4,-0.014634146
956,30Q092,2.41958042,1.789719626,FALSE,Q,0.847,0.002232143,-0.988806818,-0.316666667,0.121532365
957,30Q111,2.573529412,1.367816092,TRUE,Q,0.95,-0.177944862,-0.989467681,-0.232258065,0.047409041
958,30Q112,1.816,1.503333333,FALSE,Q,0.885,-0.143451143,-0.992,-0.355,0.19887165
959,30Q122,1.160688666,1.11814346,FALSE,Q,0.513,-0.008714597,-0.992735043,0.510204082,-0.163398693
960,30Q126,3.5,3.581818182,TRUE,Q,0.786,0.177024482,-0.992753623,-0.578947368,-0.122863248
961,30Q127,2.369942197,1.993055556,FALSE,Q,0.785,-0.170998632,-0.98862069,-0.177325581,-0.070729053
962,30Q141,1.75,1.282167043,FALSE,Q,0.622,-0.024813896,-0.989044118,0.317460317,0.120593692
963,30Q145,2.462427746,1.706382979,FALSE,Q,0.831,-0.201539202,-0.991210191,-0.295964126,-0.042372881
964,30Q148,1.92,1.816425121,FALSE,Q,0.802,-0.258405379,-0.985384615,0.042105263,0.100143062
965,30Q149,1.974226804,1.819672131,FALSE,Q,0.825,-0.262745098,-0.984117647,-0.032,0.091767881
966,30Q150,1.406047516,1.179831933,FALSE,Q,0.596,-0.153589316,-0.990238095,0.087591241,0.068
967,30Q151,3.291970803,2.960893855,FALSE,Q,0.92,-0.347736626,-0.98800885,-0.333333333,0.052048726
968,30Q152,1.510695187,1.331983806,FALSE,Q,0.779,-0.312041116,-0.988166667,-0.125448029,0.205696203
969,30Q166,1.761235955,1.782841823,FALSE,Q,0.602,-0.236290323,-0.989051724,-0.235294118,-0.238154613
970,30Q171,1.373873874,0.990147783,FALSE,Q,0.909,-0.257340242,-0.983812155,0.108433735,-0.010638298
971,30Q204,2.127777778,1.276859504,TRUE,Q,0.895,-0.367897727,-0.98595,0.15625,0.004504505
972,30Q212,1.746835443,1.665796345,FALSE,Q,0.631,-0.063118812,-0.99,0.338842975,-0.022033898
973,30Q227,1.675862069,1.554901961,FALSE,Q,0.628,-0.069353883,-0.98986014,-0.042553191,-0.098944591
974,30Q230,1.745454545,1.402298851,FALSE,Q,0.752,0.19558676,-0.987913043,0.275510204,-0.034238489
975,30Q234,2.388535032,2.300319489,TRUE,Q,0.736,-0.292379471,-0.985833333,-0.4,-0.089201878
977,30Q235,3.357142857,0.897435897,TRUE,Q,0.722,-0.487951807,-0.993333333,0,-0.101832994
979,30Q286,1.912,1.694594595,FALSE,Q,0.697,0.003472222,-0.982696629,-0.114285714,-0.047794118
980,30Q580,1.046025105,1.055966209,FALSE,Q,0.441,0.114,-0.846666667,inf,-0.006726457
981,31R001,1.285140562,1.153543307,FALSE,R,0.34,-0.151631478,-0.991661238,0.19047619,0.005319149
982,31R002,2.004237288,1.657004831,TRUE,R,0.685,0.182530795,-0.990565217,0.389830508,0.054285714
983,31R003,1.491452991,1.375680581,FALSE,R,0.282,-0.344455348,-0.990837438,0.25,-0.114803625
984,31R004,1.699453552,1.358744395,FALSE,R,0.363,-0.031209363,-0.990164474,2.5,-0.051490515
985,31R005,1.634693878,1.273155416,FALSE,R,0.208,0.471962617,-0.988955224,0.777777778,0.065116279
986,31R006,2.079584775,1.790960452,TRUE,R,0.343,-0.295904888,-0.985657371,-0.066666667,-0.024875622
987,31R007,1.510683761,1.194,TRUE,R,0.31,-0.021487603,-0.985766423,1,0.205438066
988,31R008,1.292894281,1.437710438,FALSE,R,0.331,0.072727273,-0.991302521,2.571428571,-0.037037037
989,31R011,1.768421053,2.430962343,FALSE,R,0.7,0.163636364,-0.991046512,0.292307692,0.04539559
990,31R013,1.713333333,1.468671679,FALSE,R,0.73,0.012880562,-0.988858447,0.166666667,0.239460371
991,31R016,2.533333333,2.741176471,TRUE,R,0.917,-0.390410959,-0.988244898,0.010989011,-0.00210084
992,31R018,3.016666667,1.761111111,FALSE,R,0.924,-0.246353323,-0.989640719,0.377358491,0.129837703
993,31R019,1.363247863,0.812903226,FALSE,R,0.857,-0.102564103,-0.9853125,-0.061728395,0.265714286
994,31R020,4.71641791,1.35862069,FALSE,R,0.93,-0.16,-0.985149254,-0.012195122,-0.028629857
995,31R021,2.900662252,2.783216783,FALSE,R,0.874,-0.096774194,-0.990396601,-0.31122449,0.078608247
996,31R022,2.233918129,1.5,FALSE,R,0.814,-0.123222749,-0.98660793,0.435897436,-0.011587486
997,31R023,1.515021459,1.332179931,FALSE,R,0.378,0.134808853,-0.99070922,2.076923077,0.018817204
998,31R024,1.756164384,1.411242604,TRUE,R,0.392,-0.016582552,-0.98684492,-0.294117647,0.112171838
999,31R026,1.270454545,1.478,FALSE,R,0.454,0.383886256,-0.991504065,0.98245614,-0.057245081
1000,31R027,2.538095238,2,FALSE,R,0.7,-0.052258636,-0.99028,-0.0625,0.031117397
1001,31R029,1.373931624,1.289361702,FALSE,R,0.464,-0.193877551,-0.986787879,0.71875,0.134065934
1002,31R030,1.581453634,1.664160401,FALSE,R,0.344,0.009888752,-0.989,0.744186047,-0.100775194
1003,31R031,2,0.924137931,FALSE,R,0.95,-0.161290323,-0.988586207,0.138461538,0.102473498
1004,31R032,1.6225,1.321721311,FALSE,R,0.331,-0.147247119,-0.987533632,1.272727273,-0.034574468
1005,31R034,1.605744125,1.948186528,FALSE,R,0.294,-0.099389712,-0.985981308,2.125,0.06501548
1006,31R035,1.564612326,1.40483871,FALSE,R,0.347,0.149051491,-0.988842105,0.575757576,-0.068062827
1007,31R036,1.253363229,1.533816425,TRUE,R,0.287,-0.053533191,-0.989809524,1.285714286,0.205211726
1008,31R038,0.831140351,1.064285714,FALSE,R,0.696,0.113702624,-0.990429185,1.75,0.007173601
1009,31R039,1.043583535,1.077830189,FALSE,R,0.687,-0.127334465,-0.983435583,1.204819277,0.023323615
1010,31R041,1.742857143,1.282178218,FALSE,R,0.604,-0.021037868,-0.990912863,1.15,0.124183007
1011,31R042,1.539641944,1.396396396,FALSE,R,0.342,0.158679446,-0.991132075,0.739130435,-0.0626703
1012,31R044,1.69047619,1.266055046,FALSE,R,0.935,-0.215730337,-0.988605442,0.039473684,0.006355932
1013,31R045,1.316455696,1.389937107,FALSE,R,0.667,-0.06805708,-0.990762332,-0.228571429,-0.042253521
1014,31R046,1.962025316,1.315789474,FALSE,R,0.747,-0.264705882,-0.989387755,0.609756098,0.114249037
1015,31R048,1.448351648,1.196078431,TRUE,R,0.446,0.338688086,-0.988529412,0.118644068,-0.059210526
1016,31R049,2.052238806,0.974576271,TRUE,R,0.897,-0.306918239,-0.988746082,0.210526316,0.048423423
1017,31R050,1.348198971,1.302652106,FALSE,R,0.385,-0.191609977,-0.988631579,0.5,0.420886076
1018,31R051,1.802955665,2.522123894,FALSE,R,0.754,0.16091954,-0.989788732,-0.024691358,0.006313131
1019,31R052,2.431226766,1.952777778,FALSE,R,0.564,0.161478599,-0.990956522,0.192,0.155234657
1020,31R053,1.546910755,1.361423221,FALSE,R,0.375,0.276435045,-0.991452991,0.555555556,-0.022421525
1021,31R054,1.648101266,1.838120104,FALSE,R,0.533,-0.001216545,-0.988598131,-0.272727273,0.024221453
1022,31R055,1.6,1.258426966,FALSE,R,0.299,-0.127819549,-0.988090909,1.117647059,-0.042979943
1023,31R056,1.583541147,1.221388368,FALSE,R,0.305,-0.171507607,-0.988339921,10,-0.075514874
1024,31R057,1.75625,2.128,FALSE,R,0.917,-0.007598784,-0.990721003,0.010989011,0.092592593
1025,31R058,1.426470588,1.663636364,TRUE,R,0.507,-0.138923655,-0.990654545,0.2125,0.056925996
1026,31R060,1.592814371,1.060052219,FALSE,R,0.472,-0.147121535,-0.988451327,0.111111111,-0.013333333
1027,31R061,1.753846154,1.782258065,TRUE,R,0.81,-0.174978867,-0.988023715,0.557142857,0.035943517
1028,31R063,1.704663212,1.520775623,TRUE,R,0.423,0.02027027,-0.988571429,1.6,0.016227181
1029,31R065,1.828908555,1.862359551,FALSE,R,0.642,0.064676617,-0.982261307,1.470588235,0.127586207
1030,31R069,1.288828338,1.081280788,FALSE,R,0.581,-0.05106383,-0.987864078,1.862745098,0.205825243
1031,31R072,1.679012346,1.358757062,FALSE,R,0.537,0.263578275,-0.989558824,-0.203703704,-0.037993921
1032,31R074,2.505263158,5.4375,FALSE,R,0.91,-0.050847458,-0.989006849,-0.310606061,0.013452915
1033,31R075,1.538277512,1.342553191,TRUE,R,0.311,0.078986587,-0.989282297,-0.090909091,-0.093078759
1034,31R080,1.772189349,1.225961538,TRUE,R,0.497,0.051886792,-0.98742616,0,-0.044534413
1035,31R861,1.659883721,1.09832636,TRUE,R,0.673,0.053075995,-0.990431373,0,-0.03622251
1036,32K045,2.575539568,1.494186047,FALSE,K,0.877,-0.319173364,-0.984316547,0.310344828,-0.020571429
1037,32K075,2.145038168,2.978947368,FALSE,K,0.912,-0.505263158,-0.989646018,0.18079096,0.059036145
1038,32K086,1.954081633,1.762557078,FALSE,K,0.907,-0.081140351,-0.989567308,0.50212766,-0.031697342
1039,32K106,1.169230769,1.50802139,FALSE,K,0.85,-0.332773109,-0.986809524,0.248031496,-0.041009464
1040,32K116,1.823529412,1.475206612,FALSE,K,0.928,-0.343629344,-0.989408867,0.443137255,0.112484549
1041,32K123,2.256637168,2.364963504,FALSE,K,0.851,-0.288941736,-0.992,0.44,-0.103483607
1042,32K145,1.881118881,1.888888889,FALSE,K,0.928,-0.401433692,-0.985874126,-0.392491468,0.066193853
1043,32K151,2.36036036,2.141843972,FALSE,K,0.908,-0.151041667,-0.993195489,0.670658683,-0.080040527
1044,32K162,3.088235294,3.407894737,FALSE,K,0.914,-0.3436853,-0.990889831,0.295180723,0.099626401
1045,32K274,2.302083333,1.759036145,FALSE,K,0.906,-0.374570447,-0.983240741,0.442708333,-0.026639344
1046,32K291,3.38,3.446808511,TRUE,K,0.927,-0.356031128,-0.989742489,0.50877193,-0.005488474
1047,32K299,1.71257485,1.152091255,FALSE,K,0.934,-0.524934383,-0.991078838,0.163265306,-0.016649324
1048,32K347,2.325581395,1,TRUE,K,0.883,-0.27,-0.989082126,0.531073446,-0.041709054
1049,32K349,4.125,5.118644068,TRUE,K,0.942,-0.258706468,-0.982598425,-0.270491803,-0.047331319
1050,32K376,3.15625,3.060606061,FALSE,K,0.789,-0.186915888,-0.988560606,-0.27756654,-0.154411765
1051,32K377,4.461538462,2.152777778,TRUE,K,0.839,-0.732580038,-0.992697095,-0.216374269,-0.071428571
1052,32K383,1.287526427,1.54340836,TRUE,K,0.786,-0.030601093,-0.975945946,4.571428571,0.063451777
1053,32K384,1.106995885,1.418918919,TRUE,K,0.914,-0.380222841,-0.984861878,0.014563107,0.103797468
1054,32K554,1.837022133,1.474714519,FALSE,K,0.698,0.3003003,-0.974561404,1.133333333,-0.106593407
1055,32K562,7.071428571,9.476190476,TRUE,K,0.925,0.490196078,-0.991439114,-0.259574468,0.007592191
