,dbn,4yr_pct_ch,6yr_pct_ch,is_co_located,borough_code,economic_need_index_y,total_enrollment,disability,ell,poverty
0,01M292,0.645016797,0.992,TRUE,M,0.878,-0.300309598,-0.991299094,-0.53030303,0.007151371
1,01M448,0.834930777,0.911928651,FALSE,M,0.85,0.64548495,-0.993601533,-0.501779359,-0.037362637
2,01M450,0.837209302,0.935078534,TRUE,M,0.653,0.047765794,-0.990724138,-0.166666667,-0.124165554
3,01M458,0.37944664,0.781531532,TRUE,M,0.895,-0.191964286,-0.974475524,0.6,0.085820896
4,01M509,0.415898618,0.717336683,TRUE,M,,,,,
5,01M515,0.728070175,0.978118162,TRUE,M,0.95,-0.036297641,-0.956666667,-0.051212938,0.794392523
6,01M539,0.978,0.988877654,FALSE,M,0.291,0.046956522,-0.975128205,3.333333333,-0.136690647
7,01M650,1.255192878,1.610416667,TRUE,M,0.9,-0.243243243,-0.959883721,1.333333333,0.141235813
8,01M696,0.988855117,0.984,FALSE,M,0.425,0.094642857,-0.848571429,-1,0.46366782
9,02M047,0.762162162,0.883351007,TRUE,M,0.818,0.260869565,-0.992211838,-0.338028169,-0.016627078
10,02M288,0.984777518,1.007526882,TRUE,M,0.795,-0.144469526,-0.986625,0.275862069,0.041162228
11,02M294,0.747428571,0.910414334,TRUE,M,0.68,-0.031518625,-0.988922414,-0.108108108,-0.092643052
12,02M296,0.856770833,0.901085645,TRUE,M,0.88,-0.218097448,-0.986276596,0.412698413,-0.02062975
13,02M298,1.052132701,0.99470339,TRUE,M,0.779,0.304038005,-0.98483871,1.583333333,-0.014814815
14,02M300,0.757575758,1.101902174,TRUE,M,0.873,-0.384074941,-0.984947917,-0.191489362,0.04494382
15,02M303,0.751207729,0.860759494,TRUE,M,0.873,-0.160671463,-0.989319149,-0.541284404,0.136239782
16,02M305,0.932356257,1.001122334,TRUE,M,0.876,-0.012269939,-0.987428571,-0.260869565,0.054347826
17,02M308,0.974126779,0.965635739,TRUE,M,0.864,-0.132596685,-0.987427536,0.212765957,0.308441558
18,02M313,0.840749415,0.982649842,TRUE,M,0.856,-0.1,-0.975,0.25862069,0.093535076
19,02M316,0.967362924,1.050245098,TRUE,M,0.879,-0.567961165,-0.992736318,1.195121951,0.046594982
21,02M374,0.855726872,0.968786127,TRUE,M,0.813,-0.180656934,-0.988193548,-0.419354839,0.164574616
22,02M376,0.939,0.99691358,TRUE,M,0.394,0.073903002,-0.985755396,1.2,-0.12173913
23,02M392,0.958333333,1.001144165,TRUE,M,0.859,-0.046948357,-0.98816568,-0.114285714,0.057901086
24,02M393,0.824884793,0.877595628,TRUE,M,0.819,0.019047619,-0.988539823,0.133333333,0.164110429
25,02M394,1.222958057,1.143097643,TRUE,M,0.95,0.389140271,,-0.031890661,-0.040456432
26,02M399,0.800720288,0.879732739,TRUE,M,0.873,-0.234636872,-0.98978022,-0.333333333,-0.052631579
27,02M400,1.053030303,0.997785161,TRUE,M,0.787,-0.136432927,-0.9888125,-0.053333333,0.034974093
29,02M407,0.986387435,1.041800643,TRUE,M,0.368,0.044871795,-0.97030303,-1,0.368200837
30,02M408,0.983673469,1.025052192,TRUE,M,0.376,0.126953125,-0.976666667,0.5,-0.068047337
31,02M411,0.991,1,FALSE,M,0.384,0.109339408,-0.974035088,inf,-0.422087746
32,02M412,0.971252567,0.982880161,TRUE,M,0.278,-0.141903172,-0.987467532,-0.428571429,-0.283378747
33,02M413,0.886792453,0.964646465,FALSE,M,0.443,0.002797203,-0.985135135,0.833333333,0.105128205
34,02M414,1.005107252,0.992,TRUE,M,0.505,-0.017316017,-0.967391304,-0.818181818,-0.308609272
35,02M416,1,1.007049345,FALSE,M,0.19,0.018832392,-0.9509375,-1,-0.257936508
36,02M418,0.994,1.001007049,FALSE,M,0.506,0.088852989,-0.985111111,-0.5,0.180974478
37,02M419,0.653594771,0.793296089,TRUE,M,0.871,-0.154040404,-0.990652174,-0.622641509,-0.029246344
38,02M420,0.910147992,0.933678756,TRUE,M,0.766,0.067995311,-0.989922481,-0.173076923,0.197204969
39,02M425,0.775648253,0.987654321,FALSE,M,0.853,-0.472992701,-0.98828877,-0.390625,0.08248731
40,02M432,0.393586006,0.559263521,TRUE,M,0.852,-0.137704918,-0.990220588,-0.693548387,0.087980173
41,02M439,0.973763875,1,FALSE,M,0.669,0.111111111,-0.985050505,-0.564102564,-0.01061008
42,02M449,0.959635417,1.005037783,TRUE,M,0.779,-0.095948827,-0.988604651,-0.6,-0.010362694
43,02M459,0.90224359,0.966254218,TRUE,M,0.95,-0.090634441,-0.991481481,-0.076326003,0.1376
44,02M475,0.994944388,1.003021148,TRUE,M,0.413,0.027035237,-0.994285714,-1,-0.038135593
45,02M489,0.829078801,0.911542611,FALSE,M,0.782,-0.037809648,-0.988066667,-0.4375,-0.031446541
46,02M500,0.75928009,0.885931559,TRUE,M,0.872,0.047058824,-0.992319392,-0.230769231,0.004395604
47,02M519,1.009473684,1.024590164,TRUE,M,0.558,0.003773585,-0.976935484,inf,-0.035353535
48,02M520,0.690026954,1.049050633,TRUE,M,0.802,-0.922237381,-0.993518519,-0.773913043,0.144230769
49,02M529,1.025,0.9626401,FALSE,M,0.815,-0.574047955,-0.987837838,-0.34375,-0.003745318
50,02M531,0.956,1.015576324,FALSE,M,0.505,0.004237288,-0.980561798,-1,-0.107652399
51,02M542,0.858342078,0.959271168,TRUE,M,0.928,-0.057971014,-0.9784,-0.427444795,0.10880829
52,02M543,1.094072165,0.965005302,TRUE,M,0.858,0.034168565,-0.988373984,-0.024390244,0.044678055
53,02M544,0.784037559,0.551724138,TRUE,M,0.91,0.042682927,-0.974867257,0.654545455,0.069007264
55,02M545,0.977,1,TRUE,M,0.824,-0.034146341,-0.9875,-0.593314763,-0.04767184
56,02M550,1.064665127,1.313539192,FALSE,M,0.95,0.262536873,-0.992682927,-0.074152542,0.580896686
57,02M551,0.842857143,0.961325967,FALSE,M,0.558,0.191343964,-0.986428571,-0.756097561,-0.144329897
59,02M560,1.067024129,0.933656958,TRUE,M,0.746,0.001650165,-0.978110236,0.433333333,0.106012658
61,02M565,0.618487395,0.728316327,TRUE,M,0.629,-0.13836478,-0.9592,-0.631578947,0.247484909
62,02M570,3.168224299,1.720194647,FALSE,M,0.872,-0.003921569,-0.979051095,1.685714286,-0.048752834
63,02M575,0.955719557,1.064896755,FALSE,M,0.929,-0.083333333,-0.978,-0.051282051,-0.022075055
64,02M580,0.858682635,0.894132653,TRUE,M,0.776,-0.406408094,-0.992068966,-0.232142857,-0.052071006
66,02M586,0.463215259,1.2725,TRUE,M,0.821,-0.186666667,-0.975442177,1.538461538,-0.077373974
67,02M600,1.031638418,0.98026999,FALSE,M,0.786,-0.08256351,-0.985416667,0.28,0.014510278
68,02M605,0.828541001,0.968181818,TRUE,M,0.813,0.242857143,-0.981714286,0.448275862,0.135802469
69,02M615,0.943127962,0.990464839,TRUE,M,0.828,0.013544018,-0.9878125,0.139534884,0.039167687
70,02M630,0.925884956,1.032547699,TRUE,M,0.576,0.018776078,-0.985430464,-0.384615385,-0.179970972
71,02M655,0.813602015,0.873762376,TRUE,M,0.881,-0.488975357,-0.988695652,0.151162791,0.079323797
72,03M299,0.97542044,1.081300813,TRUE,M,0.894,-0.344827586,-0.988229665,0.052631579,0.045292014
73,03M307,0.734223301,0.847102343,TRUE,M,0.86,0.056847545,-0.991862745,-0.789473684,0.108556833
74,03M402,0.516212711,0.650531287,TRUE,M,0.859,-0.227848101,-0.99,-0.451162791,-0.090611354
75,03M403,0.684010152,0.75990099,TRUE,M,0.878,-0.127083333,-0.989955157,-0.286666667,-0.07431694
76,03M404,1.057692308,0.875,TRUE,M,0.895,-0.088541667,-0.984148936,2.129032258,0.119592875
77,03M415,0.504587156,0.741040462,TRUE,M,0.894,-0.410546139,-0.989371981,-0.25,0.186369958
78,03M479,1.00101626,0.992,TRUE,M,0.33,0.151253918,-0.975,inf,-0.01384083
80,03M485,0.989919355,1.00708502,FALSE,M,0.33,0.079120879,-0.982857143,1,-0.056074766
81,03M492,0.972404731,1.011138614,TRUE,M,0.86,-0.237288136,-0.990877193,-0.373493976,0.025813692
82,03M494,0.91884058,0.870616687,TRUE,M,0.867,-0.219387755,-0.988235294,-0.403225806,-0.110871905
83,03M505,1.071856287,1.294429708,FALSE,M,0.906,-0.270114943,-0.978426396,0.916666667,0.001149425
84,03M541,0.915151515,0.957,TRUE,M,0.561,-0.010869565,-0.977301587,1,-0.081203008
85,03M860,0.845347313,0.875,TRUE,M,0.894,-0.251748252,-0.98996063,0.08988764,0.074213836
86,04M435,0.930785124,0.964285714,TRUE,M,0.766,0.037153652,-0.975614035,0.45,-0.027644231
87,04M495,0.807892004,0.835519677,FALSE,M,0.79,-0.070904645,-0.98556338,-0.135135135,-0.088764045
88,04M555,0.931,1.004110997,TRUE,M,0.753,0.068893528,-0.989166667,-0.419354839,-0.111973392
89,04M610,1.014198783,1,FALSE,M,0.815,0.021551724,-0.986142857,-0.433333333,-0.018518519
90,04M680,0.672586016,0.903797468,FALSE,M,0.883,-0.113960114,-0.992666667,0.283333333,0.023463687
91,05M285,1.784722222,1.018561485,TRUE,M,0.897,-0.081896552,-0.98220339,-0.048309179,0.084065245
92,05M304,1.052067381,1.07891492,TRUE,M,0.93,-0.437647059,-0.985902439,0.956521739,0.034675615
93,05M369,0.899070385,1.059662776,TRUE,M,0.882,0.073446328,-0.986685393,-0.073529412,-0.044520548
94,05M499,0.962378641,0.957974138,FALSE,M,0.84,-0.280053727,-0.983303571,1.115384615,0.130551817
95,05M670,1.148148148,1.051396648,FALSE,M,0.835,-0.054195804,-0.982758621,1.294117647,0.028608583
96,05M692,0.997981837,0.989,FALSE,M,0.379,0.063596491,-0.981290323,,-0.27961165
97,06M293,0.927061311,0.987841945,TRUE,M,0.809,0.032040472,-0.988928571,0.272727273,-0.08680947
98,06M346,0.695652174,0.883054893,FALSE,M,0.914,0.158333333,-0.98865285,-0.555172414,0.006507592
99,06M348,0.736666667,1.014772727,TRUE,M,0.865,0.369230769,-0.988484848,0.024539877,0.058168317
100,06M423,0.842287695,0.987117552,TRUE,M,0.95,-0.152466368,-0.995314286,2.488235294,0.054384018
101,06M462,0.862957938,1.088534107,TRUE,M,0.929,-0.327838828,-0.988930481,0.092741935,-0.022222222
102,06M463,0.906569343,1.059090909,TRUE,M,0.924,-0.330783939,-0.991057692,0.441441441,0.023281596
103,06M467,1.098901099,0.925925926,TRUE,M,0.926,-0.344624448,-0.987330097,0.309090909,0.149484536
104,06M468,0.635416667,0.891816921,TRUE,M,0.935,-0.357371795,-0.989190751,0.546468401,0.014957265
105,06M540,0.880239521,1.05997552,FALSE,M,0.874,0.036029412,-0.982244898,1.425925926,0.083023544
106,06M552,0.737278107,0.852906287,FALSE,M,0.95,0.061099796,-0.980714286,-0.14,-0.06199187
107,07X221,0.909957627,0.923076923,TRUE,X,0.947,0.01242236,-0.988798283,-0.035714286,-0.008350731
108,07X334,0.371257485,0.629834254,TRUE,X,0.95,-0.061784897,-0.979268293,-0.086956522,0.012793177
109,07X379,3.471698113,1.172413793,TRUE,X,0.915,0.135869565,-0.979683544,1.23255814,0.331306991
110,07X381,0.293680297,1.046511628,TRUE,X,0.936,-0.01744186,-0.9875,1.384615385,0.165354331
111,07X427,0.980225989,1.082402235,TRUE,X,0.942,-0.074626866,-0.988193833,1.343434343,0.05808656
112,07X473,1.02,0.969476744,TRUE,X,0.938,-0.122093023,-0.985813953,0.925925926,0.005291005
113,07X495,0.862385321,0.915564598,TRUE,X,0.82,0.246781116,-0.978837209,-0.03125,-0.072142064
114,07X500,0.839002268,0.983660131,TRUE,X,0.879,-0.003724395,-0.988209877,-0.552238806,0.072704082
115,07X527,0.799741602,0.848116646,TRUE,X,0.926,-0.036893204,-0.986872247,-0.091549296,-0.014099783
116,07X547,inf,1.004893964,FALSE,X,,,,,
117,07X548,1.08974359,1,TRUE,X,0.931,-0.132173913,-0.988481013,1.877192982,0.039351852
118,07X551,0.992,1.050618673,TRUE,X,0.95,0.003424658,-0.987219731,0.037878788,0.005446623
119,07X557,0.186046512,0.693877551,TRUE,X,0.912,0.207920792,-0.98822695,0.291139241,0.182692308
120,07X600,0.571748879,0.779463244,TRUE,X,0.898,0.115384615,-0.990627178,0.056603774,0.01793722
121,07X670,1.11908646,1.293497364,TRUE,X,0.93,-0.175043328,-0.98540107,0.061946903,0.021324355
122,08X269,0.928571429,0.998702983,FALSE,X,0.924,0.131481481,-0.9875,-0.023809524,0.113087675
123,08X282,1.004573171,0.967989757,TRUE,X,0.945,-0.417721519,-0.990344828,2.943396226,0.085946574
124,08X293,0.939929329,1.187070151,TRUE,X,0.824,-0.050660793,-0.990643777,-0.071428571,0.119596542
125,08X312,0.88368984,0.940721649,TRUE,X,0.855,-0.181451613,-0.990511811,-0.216666667,0.146551724
126,08X377,0.763779528,0.682879377,TRUE,X,0.888,-0.313131313,-0.978604651,-0.075,0.233859397
127,08X405,0.784140969,0.936507937,TRUE,X,0.835,-0.563865954,-0.989324895,0.180851064,0.132867133
128,08X452,0.883445946,0.947443182,TRUE,X,0.923,0.53968254,-0.99170418,0.452631579,0.217808219
129,08X519,inf,1.064718163,FALSE,X,,,,,
130,08X530,0.606886657,0.929276316,TRUE,X,0.921,-0.098901099,-0.988897059,0.227272727,0.08313253
131,08X537,0.268156425,0.765463918,TRUE,X,0.936,-0.088785047,-0.961914894,0.513513514,0.194904459
132,09X227,0.637767221,0.842253521,TRUE,X,0.929,-0.016853933,-0.989838057,-0.501650165,0.116966581
133,09X231,0.948033708,0.987452949,FALSE,X,0.826,-0.234108527,-0.989275362,0.205128205,0.012376238
134,09X241,1.251768034,1.06002265,TRUE,X,0.926,-0.009917355,-0.985329949,0.132075472,-0.003222342
135,09X250,1.0075,0.91237678,TRUE,X,0.889,-0.070921986,-0.987980296,-0.216494845,-0.074433657
137,09X252,1.045454545,1.074556213,TRUE,X,0.933,-0.060686016,-0.989708333,-0.17699115,0.042222222
138,09X260,1.005452563,1.024312896,TRUE,X,0.827,-0.043383948,-0.987177914,0.333333333,-1.32E-16
140,09X263,0.912429379,0.955500618,TRUE,X,0.942,-0.040106952,-0.987427184,-0.158273381,0.04180418
141,09X297,0.777496839,0.869017632,TRUE,X,0.944,-0.068965517,-0.989918699,-0.244186047,0.039387309
142,09X324,0.923,1.061002179,TRUE,X,0.908,-0.082677165,-0.986272189,-0.145833333,-0.044711014
143,09X329,0.473684211,0.553763441,TRUE,X,0.948,-0.214492754,-0.987486339,-0.147058824,0.181818182
144,09X365,0.872210953,0.895277207,TRUE,X,0.95,0.099667774,-0.986216216,-0.237556561,-0.017580145
145,09X403,0.667567568,0.741935484,TRUE,X,0.95,-0.094202899,-0.99245283,0,-0.016806723
146,09X404,1.011345219,1.138845554,TRUE,X,0.95,-0.371212121,-0.990821429,-0.086206897,0.01650165
147,09X412,0.639880952,0.790830946,TRUE,X,0.95,-0.155988858,-0.990083333,0.254237288,0.256410256
148,09X413,1.030552291,1.003141361,TRUE,X,0.897,-0.08172043,-0.977227723,1.731707317,0.203651685
149,09X505,1.033816425,1.039534884,FALSE,X,0.891,-0.042690815,-0.986309524,0.785714286,-0.025246981
150,09X517,0.946280992,0.91191067,TRUE,X,0.935,-0.187804878,-0.987162791,0.591304348,0.019362187
151,09X525,0.910969793,0.911976912,FALSE,X,0.95,-0.344585091,-0.988109244,0.407079646,0.030439684
152,09X543,0.775671406,0.886845827,TRUE,X,0.943,-0.404761905,-0.988501873,0.764150943,-0.017334778
153,10X141,0.853101197,0.946921444,FALSE,X,0.521,0.136531365,-0.991333333,0.226415094,-0.057996485
154,10X213,1.005464481,0.988607595,TRUE,X,0.887,-0.05952381,-0.988767123,0.363636364,0.124105012
155,10X225,0.985731272,1.059466019,TRUE,X,0.889,-0.099827883,-0.988636364,0.636363636,0.134328358
156,10X237,0.947592068,1.115281501,TRUE,X,0.874,-0.331588133,-0.98828877,0.382022472,0.27258567
157,10X243,0.93,0.933643772,TRUE,X,0.936,0.004909984,-0.989409449,0.007194245,0.00750268
158,10X268,0.764705882,0.920967742,TRUE,X,0.95,-0.020316027,-0.987368421,-0.038845727,-0.025641026
159,10X284,0.839240506,0.960858586,TRUE,X,0.907,-0.098850575,-0.990717489,1.691489362,0.049940547
160,10X319,1.016393443,0.98489426,FALSE,X,0.918,0.044052863,-0.98875,0.666666667,0.044724771
161,10X342,0.981538462,0.89504717,TRUE,X,0.95,-0.064456722,-0.987901235,-0.055405405,-0.030612245
162,10X368,0.767364939,0.835106383,TRUE,X,0.828,-0.034749035,-0.987816092,0.239130435,-0.028888889
163,10X374,0.967007964,0.977173913,TRUE,X,0.883,-0.098501071,-0.987539267,-0.203125,-0.021276596
164,10X397,0.98019802,0.75,TRUE,X,0.95,-0.056716418,-0.995,-0.016913319,0.012889366
165,10X433,0.836609337,0.926857143,TRUE,X,0.921,-0.170340681,-0.98995614,0.106481481,-0.03030303
166,10X434,0.783816425,0.805102041,TRUE,X,0.865,-0.051219512,-0.986273292,-0.07,-0.043333333
167,10X437,0.880252101,0.902083333,TRUE,X,0.819,-0.093366093,-0.989823009,-0.538461538,-0.039149888
168,10X438,0.426487093,0.763328999,TRUE,X,0.935,-0.189130435,-0.990962963,-0.119318182,-0.02090209
169,10X439,0.721638655,0.988518944,TRUE,X,0.891,0.007444169,-0.990859375,-0.238993711,-0.033405172
170,10X440,0.700898588,1.042925278,TRUE,X,0.865,-0.644938092,-0.988418079,-0.488372093,0.096446701
171,10X442,0.895768834,0.992647059,TRUE,X,0.804,0.01146789,-0.982268908,0.102564103,0.017772512
172,10X445,1.001004016,1,FALSE,X,0.411,-0.018439249,-0.988571429,-1,-0.071729958
173,10X477,0.956659619,0.969072165,TRUE,X,0.871,-0.011185682,-0.983191489,-0.121875,-0.049409237
174,10X546,0.904191617,1.158518519,TRUE,X,0.898,-0.245977011,-0.989422222,-0.554216867,0.004689332
175,10X549,0.667057444,0.807783019,TRUE,X,0.913,-0.171586716,-0.990351563,-0.101851852,0.077473182
176,10X696,1,1,FALSE,X,0.276,-0.012919897,-0.990869565,,-0.059233449
178,11X249,0.982,0.982,TRUE,X,0.716,-0.168115942,-0.98979798,0.105263158,-0.030266344
179,11X253,0.746143058,0.783854167,TRUE,X,0.86,-0.271186441,-0.989955556,1.095890411,0.21633888
180,11X265,0.86351706,1.173166927,TRUE,X,0.917,-0.279411765,-0.985519126,1.202702703,0.217877095
181,11X270,1.039716312,1.194254446,TRUE,X,0.805,-0.169336384,-0.991365639,-0.236842105,-0.04136253
182,11X275,1.028811525,1.220134228,TRUE,X,0.84,-0.023381295,-0.989753086,-0.126213592,0.199081164
183,11X288,0.985507246,0.969298246,TRUE,X,0.744,-0.132621951,-0.990847458,-0.2,-0.058007566
184,11X290,0.782248521,0.929928741,TRUE,X,0.879,-0.221258134,-0.991196581,0.394736842,0.185289958
185,11X299,0.851955307,0.899188876,TRUE,X,0.779,0.018987342,-0.991646091,0.041666667,-0.025149701
186,11X418,0.735332464,0.980769231,TRUE,X,0.822,-0.135559921,-0.987649573,0.515151515,0.119278779
188,11X455,0.792401628,0.85915493,TRUE,X,0.785,0.136577708,-0.9868,0.057971014,0.08
189,11X513,1.007185629,0.981641469,TRUE,X,0.95,-0.089775561,-0.989354839,-0.092391304,-0.025641026
190,11X514,0.892913386,0.975935829,TRUE,X,0.805,-0.144927536,-0.990646388,0.017241379,0.107758621
191,11X542,1.096064815,1.066885965,TRUE,X,0.772,0.03125,-0.987574257,1.739130435,0.079096045
192,11X544,0.863970588,0.869249395,TRUE,X,0.911,-0.301158301,-0.991616162,1,0.137150466
193,11X545,1.149321267,1.019021739,TRUE,X,0.901,-0.349009901,-0.99200627,0.532258065,0.256975037
194,12X248,1.209183673,1.079646018,FALSE,X,0.95,-0.127795527,-0.98796875,0.214953271,0.032608696
195,12X251,0.844615385,0.963662791,TRUE,X,0.933,-0.120448179,-0.990076046,0.258241758,-0.050213675
196,12X267,0.804661487,0.745884774,TRUE,X,0.907,0.015296367,-0.989021277,-0.329032258,0.028138528
197,12X271,0.913793103,0.882075472,FALSE,X,0.943,0.062397373,-0.99006993,0.271028037,-0.015151515
198,12X388,0.799054374,1.049689441,TRUE,X,0.95,0.06234414,-0.990666667,-0.078472959,-0.028629857
199,12X446,0.824,0.969230769,TRUE,X,0.914,-0.225663717,-0.968181818,0.5,0.118686869
200,12X478,0.987817259,0.986815416,TRUE,X,0.872,0.116352201,-0.965666667,0.548387097,0.053416149
201,12X479,1.006779661,1.601214575,TRUE,X,0.947,-0.148606811,-0.988252788,0.151898734,0.004439512
202,12X480,1,0.888571429,TRUE,X,0.907,-0.282352941,-0.98296,-0.088235294,0.031877214
203,12X550,0.81865285,0.967503693,TRUE,X,0.95,0.085051546,inf,-0.094170404,-0.027635619
204,12X682,0.906849315,1.075880759,FALSE,X,0.925,-0.060851927,-0.989202899,0.322580645,0.144754316
205,12X684,1.033653846,1,FALSE,X,0.929,-0.262172285,-0.986315789,1.357142857,0.025316456
206,12X692,inf,0.841498559,FALSE,X,,,,,
207,13K265,0.911722142,0.928848642,TRUE,K,0.893,-0.401590457,-0.985763547,-0.318181818,0.003541913
208,13K350,0.563953488,0.69495695,TRUE,K,0.861,-0.510152284,-0.989078947,1,-0.042237443
209,13K412,0.861111111,0.945652174,TRUE,K,0.845,0.124688279,-0.9868,0.296296296,0.036781609
210,13K419,0.72565445,0.872483221,TRUE,K,0.778,0.100558659,-0.992804878,-0.5,0.004926108
211,13K430,1.010330579,0.991959799,FALSE,K,0.533,0.106632466,-0.987692308,-1,-0.093990755
212,13K439,1.128240109,1.018561485,TRUE,K,0.95,-0.014577259,-0.982352941,-0.00969697,0.171548117
213,13K483,0.925887265,0.99470339,TRUE,K,0.748,-0.008908686,-0.988979592,1,0.014397906
214,13K499,0.977991747,0.929824561,TRUE,K,,,,,
215,13K527,0.864444444,1.043526786,TRUE,K,0.831,-0.06496063,-0.989299363,3.1875,0.005868545
216,13K553,1.437869822,1.094430993,TRUE,K,0.897,-0.0875,-0.986708861,inf,0.003405221
217,13K595,0.955375254,0.961,FALSE,K,0.639,0.085872576,-0.986960784,-0.375,0.484346225
218,13K605,0.715367965,0.946731235,TRUE,K,0.782,0.072649573,-0.988647059,0.423076923,0
220,13K616,0.8,0.902723735,TRUE,K,0.89,-0.240343348,-0.984339623,-0.115384615,0.086624204
221,13K670,0.971399387,1.016563147,FALSE,K,0.707,-0.101433297,-0.969555556,inf,0.34352518
222,13K674,0.87251462,0.993637328,TRUE,K,0.665,-0.039911308,-0.990777202,-0.193548387,0.066757493
224,14K071,0.804347826,0.744911805,TRUE,K,0.938,-0.380462725,-0.989875,0.016194332,0.114690722
225,14K449,1.014373717,1.006036217,TRUE,K,0.568,0.326013514,-0.9845,-0.8,-0.139296188
226,14K454,0.596083231,0.897250362,TRUE,K,0.869,-0.054878049,-0.989170306,-0.240437158,-0.01050175
227,14K474,0.774151436,0.887135922,TRUE,K,0.924,-0.415512465,-0.987209302,0.443708609,0.029345372
228,14K477,0.577333333,0.787801779,TRUE,K,0.903,-0.546021841,-0.990432099,1.477941176,0.042889391
229,14K478,0.922403004,0.996458087,TRUE,K,0.855,-0.236220472,-0.988590604,0.529411765,0.099514563
230,14K488,0.79144385,0.838035528,TRUE,K,0.788,0.08793456,-0.991464646,-0.317073171,0.03253012
231,14K558,0.931818182,0.945492662,TRUE,K,0.731,0.013816926,-0.991541353,-0.590909091,-0.024213075
232,14K561,0.915625,0.951120163,TRUE,K,0.797,0.031296572,-0.986778523,0.333333333,-0.048959608
233,14K586,0.832872928,1.013513514,TRUE,K,0.92,-0.210622711,-0.988516949,-0.300813008,0.052995392
234,14K610,0.633286319,0.751617076,FALSE,K,0.83,-0.276190476,-0.989127726,-0.394736842,0.02375
235,14K685,0.987277354,1.266263238,FALSE,K,0.918,0.004444444,-0.989220183,0.4125,0.032825322
236,15K429,0.76765609,1.054120541,TRUE,K,0.783,0.036363636,-0.993461538,-0.884210526,-0.058688147
237,15K448,0.957541899,0.917103882,TRUE,K,0.672,-0.044776119,-0.991407186,-0.020408163,-0.103967168
238,15K462,0.89415656,0.945945946,TRUE,K,0.787,0.128534704,-0.98484127,1.166666667,-0.057074911
239,15K463,0.960305344,0.902380952,TRUE,K,0.819,-0.003690037,-0.99,0.160583942,-0.138826185
240,15K464,0.455075846,0.849546044,TRUE,K,0.626,0.762532982,-0.988413462,-0.433628319,-0.205256571
241,15K497,0.652413793,0.813872832,TRUE,K,0.482,0.69519833,-0.987105263,-0.424778761,-0.422250316
242,15K519,0.914844649,0.968561064,FALSE,K,0.834,-0.103327496,-0.991797235,0.36,-0.054176072
243,15K529,1.5,0.813704497,FALSE,K,0.833,0.130232558,-0.976358974,1.833333333,0.068152031
244,15K656,0.891684902,0.938818565,TRUE,K,0.663,0.141104294,-0.981122449,0.272727273,-0.141374838
245,15K667,0.867310012,0.985645933,TRUE,K,0.887,-0.053475936,-0.991911111,0.159090909,0.025089606
246,15K698,1.036036036,1.389784946,FALSE,K,0.911,0.085889571,-0.976526316,2.838709677,0.037887486
247,16K455,0.572727273,0.768716578,TRUE,K,0.88,-0.519148936,-0.985945946,1.0625,0.106578947
248,16K498,0.73929471,0.784064665,FALSE,K,0.846,0.115830116,-0.988125,0.871794872,-0.008274232
249,16K688,0.721862872,0.952893674,TRUE,K,0.917,-0.148648649,-0.989647887,0.472222222,0.254953765
250,17K382,0.878411911,1.171830986,TRUE,K,0.847,-0.34962406,-0.9888125,1.2,0.060075094
251,17K408,0.498312711,0.827586207,TRUE,K,0.874,-0.194719472,-0.9864,-0.179487179,0.052071006
252,17K489,0.2075,1.017191977,FALSE,K,,,,,
253,17K524,1.155202822,1.015936255,TRUE,K,0.95,-0.121140143,-0.99238806,-0.082878953,0.205278592
254,17K528,0.677804296,0.952380952,TRUE,K,0.801,-0.1328125,-0.990813953,-0.307692308,-0.053631285
255,17K531,0.856793146,0.890315053,TRUE,K,0.792,-0.216346154,-0.98972973,0.290909091,-0.048478016
256,17K537,0.822249093,0.894431555,TRUE,K,0.793,0.342939481,-0.989307359,-0.214285714,-0.106796117
257,17K539,0.900636943,0.939285714,TRUE,K,0.855,-0.311059908,-0.989090909,0.414141414,0.04556962
258,17K543,0.963,1.012145749,TRUE,K,0.636,0.172932331,-0.953,inf,-0.131449631
259,17K546,1.077625571,0.998977505,TRUE,K,0.756,0.082004556,-0.978202247,-1.58E-16,-0.091013825
260,17K547,0.836,0.939252336,TRUE,K,0.785,-0.283018868,-0.989281046,0.033898305,-0.038834951
261,17K548,0.845579078,0.952095808,TRUE,K,0.84,-0.303258145,-0.984857143,inf,-0.007168459
262,17K568,0.821969697,0.922056385,TRUE,K,0.867,-0.458536585,-0.974766355,0.2,0.063354037
263,17K590,1.012578616,0.978830645,FALSE,K,0.553,0.133012821,-0.978666667,-0.6,0.02435724
264,17K600,0.894540943,0.947674419,TRUE,K,0.771,-0.178360656,-0.988378378,-0.333333333,-0.110837438
265,17K646,1.666666667,0.782524272,TRUE,K,,,,,
266,18K563,1.043829296,1.005399568,TRUE,K,0.788,0.208576998,-0.989415584,-0.27826087,-0.16509434
267,18K566,0.684,0.76426799,TRUE,K,0.799,-0.313131313,-0.989219512,0.597402597,-0.107981221
268,18K567,0.732788798,0.744419643,TRUE,K,0.843,-0.157107232,-0.991168224,-0.425531915,-0.054748603
269,18K569,0.950863214,0.801560758,TRUE,K,0.8,-0.100694444,-0.985627907,-0.101449275,-0.028103044
270,18K576,1.099363057,0.99219621,TRUE,K,0.793,-0.075301205,-0.989658537,1.458333333,-0.012531328
271,18K578,1.281045752,0.882917466,TRUE,K,0.8,-0.061452514,-0.986462882,0.9,-0.014510278
272,18K617,0.807416268,0.996277916,TRUE,K,0.782,-0.335463259,-0.988653846,-0.171875,-0.036674817
273,18K629,0.913043478,0.988721805,TRUE,K,0.767,-0.187702265,-0.991365462,0.135135135,-0.042067308
274,18K633,1.063276836,1.035827187,TRUE,K,0.772,0.029478458,-0.988914729,1.12,-0.065005417
275,18K635,0.123287671,0.706293706,TRUE,K,0.727,-0.005208333,-0.983377483,-0.322580645,0.102631579
277,18K637,0.691513761,0.966704937,TRUE,K,0.801,0.092857143,-0.991284404,0.478873239,0.00875
278,18K642,0.996965099,0.996163683,TRUE,K,0.843,-0.330128205,-0.989562842,0.929292929,0.147315855
279,18K673,0.508,0.661861075,FALSE,K,0.835,0.048128342,-0.978601036,3.181818182,0.033548387
280,19K404,0.773064687,0.847046414,TRUE,K,0.85,0.079681275,-0.984465409,0.666666667,0.098360656
281,19K409,0.881987578,0.949186992,TRUE,K,0.846,0.091880342,-0.978971963,1.384615385,0.005882353
282,19K502,0.8,0.949668874,TRUE,K,0.856,-0.091216216,-0.988211679,-0.117647059,0
283,19K504,0.867579909,1.046199702,TRUE,K,0.877,-0.332378223,-0.988314176,0.546391753,0.028025478
284,19K507,0.759358289,1.034682081,TRUE,K,0.879,-0.114485981,-0.987593583,6.565217391,-0.05483871
285,19K510,0.888586957,1.035422343,TRUE,K,0.896,-0.355987055,-0.988691099,1.147058824,0.076388889
286,19K583,0.354320988,0.7,TRUE,K,0.95,-0.071428571,-0.99375,-0.077253219,-0.03907075
287,19K615,0.957507082,1.029224905,FALSE,K,0.809,-0.387317909,-0.987246377,0.692307692,0.080753701
288,19K618,0.537656904,0.901390645,TRUE,K,0.799,0.011363636,-0.990215517,-0.140186916,0.054658385
289,19K639,0.700141443,0.940085592,TRUE,K,0.911,0.200549451,-0.991165919,0.607734807,0.012716763
290,19K659,0.553864169,0.895890411,TRUE,K,0.858,-0.059459459,-0.988666667,-0.21875,0.03712036
291,19K660,0.771908764,0.982954545,TRUE,K,0.912,-0.144708423,-0.989522388,0.4875,0.060810811
292,19K683,1.188841202,1.036948749,TRUE,K,0.914,-0.145631068,-0.991045455,1.8,0.025551684
293,20K445,0.876447876,0.862950058,FALSE,K,0.823,0.035098156,-0.99047619,-0.094339623,0.072083879
294,20K485,0.914379802,0.951965066,TRUE,K,0.771,-0.067022087,-0.992282158,0.2,-0.057810578
295,20K490,0.880503145,0.933090024,FALSE,K,0.754,0.078758397,-0.989861111,-0.252525253,0.158982512
296,20K505,0.851094891,0.924479167,FALSE,K,0.873,0.054313099,-0.988731343,-0.20718232,0.003685504
297,21K337,0.816129032,0.887811634,TRUE,K,0.95,0.057971014,-0.99173913,0.008,-0.061422414
298,21K344,1.016905072,1.104438642,TRUE,K,0.839,0.19729207,-0.990523256,0.710526316,0.285714286
300,21K348,1.038571429,0.903402854,TRUE,K,0.849,-0.167182663,-0.987595628,2.34,-0.084158416
301,21K410,0.805288462,0.95608532,TRUE,K,0.841,-0.205793342,-0.988041958,-0.068027211,0.25147929
302,21K468,0.94611399,0.981538462,TRUE,K,0.691,0.277676951,-0.987986577,0.533333333,-0.065246338
303,21K525,0.931818182,0.966063348,TRUE,K,0.664,-0.114648097,-0.988152866,0.113924051,0.219739292
304,21K540,0.935687264,0.952764977,TRUE,K,0.829,0.135260712,-0.988717949,-0.258196721,-0.024940618
305,21K559,0.971215352,1.013029316,TRUE,K,0.844,0.069230769,-0.989114583,3.64516129,-0.036322361
306,21K572,0.866050808,0.929705215,TRUE,K,0.779,0.402173913,-0.987705882,-0.166666667,-0.037641154
307,21K620,0.816599732,0.921446384,FALSE,K,0.847,-0.287735849,-0.986654804,0.680851064,-0.017797553
308,21K690,0.949494949,0.930803571,FALSE,K,0.783,0.026607539,-0.9885,0.295081967,0.048941799
309,21K728,1,0.83632287,FALSE,K,0.894,0.137755102,-0.959278351,4.4,0.055147059
310,22K405,0.905218317,0.977564103,FALSE,K,0.668,0.045653856,-0.978103448,-0.236842105,0.497959184
311,22K425,0.916461916,0.916853933,FALSE,K,0.663,0.269394435,-0.987874016,-0.032,0.172684458
312,22K535,0.993814433,0.99389002,TRUE,K,0.455,-0.065965583,-0.986,-0.3,0.047008547
313,23K493,0.707750953,0.93375,TRUE,K,0.845,-0.211886305,-0.98864486,0.722222222,-0.059440559
314,23K514,0.665505226,0.949086162,TRUE,K,0.891,-0.573170732,-0.987261411,1,0.074030552
315,23K643,0.718146718,0.940042827,TRUE,K,0.865,-0.01010101,-0.9840625,0.64,0.192307692
316,23K647,2.102739726,0.963636364,TRUE,K,0.897,0.015957447,-0.964257426,2.625,0.048974943
317,23K697,1.032716927,1.124,TRUE,K,0.95,-0.644104803,-0.974352941,4,0.161856964
318,24Q264,0.937434828,0.988589212,TRUE,Q,0.712,0.449678801,-0.989568966,-0.242424242,0.024721879
319,24Q267,0.831756046,0.98414496,TRUE,Q,0.767,-0.03087886,-0.989135802,-0.34,0.012953368
320,24Q293,0.919125683,0.926501035,TRUE,Q,0.805,0.426048565,-0.990773481,-0.220930233,0.016129032
321,24Q296,0.495778046,0.842511013,TRUE,Q,0.95,0.179836512,-0.991818182,-0.129105323,-0.150276243
322,24Q299,0.970588235,0.986,TRUE,Q,0.453,0.061666667,-0.877142857,0,0.019565217
323,24Q455,0.830344828,0.891963109,TRUE,Q,0.825,-0.201060752,-0.987217391,-0.249211356,0.074482759
324,24Q485,0.892053973,0.976290098,TRUE,Q,0.78,-0.099518459,-0.987546012,-0.251082251,-0.013351135
325,24Q520,0.59311981,0.870454545,TRUE,Q,0.784,0.024242424,-0.988085106,2,0.317708333
326,24Q530,0.837670384,0.930394432,TRUE,Q,0.867,0.031809145,-0.986875,-0.168956044,0.309222423
327,24Q550,0.869022869,0.979635584,FALSE,Q,0.766,-0.122886133,-0.988521127,-0.293103448,0.235099338
328,24Q560,0.864919355,0.950617284,FALSE,Q,0.61,0.034865293,-0.986833333,-0.615384615,-0.111111111
329,24Q600,0.979318735,0.98536036,FALSE,Q,0.8,-0.035006605,-0.98584,0.1875,0.012941176
330,24Q610,0.904123711,1.35243553,FALSE,Q,0.684,-0.074854325,-0.979402985,-1.33E-16,0.248565966
331,24Q744,1.683333333,0.935344828,TRUE,Q,0.767,0.111111111,-0.968333333,6.6,0.13480055
332,25Q252,0.94661191,0.985815603,TRUE,Q,0.579,0.011864407,-0.98858156,0.363636364,-0.008756567
333,25Q263,1.089922481,1.169889503,TRUE,Q,0.95,0.089805825,-0.99,-0.00462963,-0.061664954
334,25Q281,0.96350365,0.979529171,TRUE,Q,0.684,0.035769829,-0.988429752,-0.528571429,-0.055155875
335,25Q285,0.938335046,0.937,TRUE,Q,0.467,-0.004926108,-0.991013825,2.6,0.201646091
336,25Q425,0.856403622,0.929542645,FALSE,Q,0.773,-0.077915099,-0.98766129,-0.25,0.028649386
337,25Q460,0.764705882,1.005763689,TRUE,Q,0.81,-0.406562625,-0.990666667,-0.005076142,0.125173853
338,25Q525,1.003009027,1.004016064,TRUE,Q,0.413,0.059079062,-0.854,inf,-0.017681729
339,25Q540,1.644927536,1.398907104,FALSE,Q,0.784,0.085635359,-0.981428571,0.4375,0.059920107
340,25Q670,0.891186072,1.031034483,FALSE,Q,0.733,-0.01459854,-0.991698113,-0.3671875,-0.03030303
341,25Q792,1.527777778,1.283687943,FALSE,Q,0.708,-0.201970443,-0.994294479,1.066666667,0.181818182
342,26Q415,0.955752212,0.972399151,FALSE,Q,0.545,-0.054024256,-0.986666667,-0.214285714,0.206463196
343,26Q430,0.956810631,0.965442765,TRUE,Q,0.614,0.101034993,-0.988661417,-0.277372263,-0.077025232
344,26Q435,0.663316583,0.834874505,TRUE,Q,0.718,-0.450858779,-0.98773913,0.247863248,0.15327381
345,26Q495,0.945641026,0.964574899,FALSE,Q,0.562,-0.116013576,-0.98837037,0.267857143,-0.005449591
346,26Q566,0.959139785,0.963917526,TRUE,Q,0.477,-0.130584192,-0.990360825,0.142857143,-0.033639144
347,27Q260,1.085774059,1.091680815,TRUE,Q,0.919,-0.220873786,-0.986648352,4.262295082,0.035805627
348,27Q262,0.932475884,0.968879668,TRUE,Q,0.69,0.677570093,-0.989469697,0.571428571,-0.036437247
349,27Q302,0.77188656,0.796875,TRUE,Q,0.831,0.49378882,-0.98862069,0.292857143,-0.107317073
350,27Q308,0.983660131,0.945807771,TRUE,Q,0.612,0.026755853,-0.987086093,0.210526316,-0.092250923
351,27Q309,0.959881129,0.9407314,TRUE,Q,0.865,0.063391442,-0.99006135,0.988888889,0.065491184
352,27Q323,1,1,FALSE,Q,0.357,0.046288907,-0.77,inf,-0.182835821
353,27Q400,0.458479532,0.861428571,TRUE,Q,0.738,-0.561547479,-0.989732143,-0.13559322,0.155195682
354,27Q475,0.851470588,0.930201342,TRUE,Q,0.8,-0.27505618,-0.991169591,0.010309278,-0.016806723
355,27Q480,0.636919315,0.823076923,TRUE,Q,0.781,-0.121916843,-0.990612245,-0.342245989,-0.087400681
357,27Q650,0.998982706,0.994934144,TRUE,Q,0.568,0.155391121,-0.983131313,3,0.03930131
358,28Q284,0.977225673,0.986,TRUE,Q,0.526,0.079391892,-0.984189189,-0.285714286,-0.02875817
359,28Q310,0.966019417,0.915957447,TRUE,Q,0.739,0.038639876,-0.989647887,-0.063829787,-0.004550626
360,28Q338,0.417112299,0.700636943,TRUE,Q,0.757,-0.157480315,-0.98816092,6,0.018050542
361,28Q350,1.040525739,1.080590238,TRUE,Q,0.701,0.21969697,-0.98625,0.378787879,-0.094645081
362,28Q440,0.997693195,0.974495218,FALSE,Q,0.621,-0.025,-0.985882353,0.232876712,0.164362519
363,28Q505,0.919334187,1.015,FALSE,Q,0.767,-0.043330238,-0.988910891,0.211267606,0.027261462
364,28Q620,0.903575298,0.944680851,FALSE,Q,0.628,0.025830258,-0.987719298,0.846153846,-0.053846154
365,28Q680,1.011482255,1.00203666,TRUE,Q,0.577,-0.144266338,-0.978870968,0.5,-0.206711409
366,28Q687,0.99,1,FALSE,Q,0.507,0.145584726,inf,,-0.003210273
367,28Q690,0.937576499,0.985244041,TRUE,Q,0.732,-0.300884956,-0.988820513,1.869565217,0.115549215
368,28Q896,0.865248227,0.949392713,FALSE,Q,0.626,0.009009009,-0.988016529,0.285714286,0.50931677
369,29Q248,0.814070352,0.907563025,TRUE,Q,0.717,-0.404301075,-0.988591549,1.441860465,0.107883817
370,29Q259,0.892857143,1.06884058,TRUE,Q,0.556,0.039076377,-0.988993289,-0.2,-0.007968127
371,29Q265,1.003575685,1.015151515,TRUE,Q,0.651,-0.120833333,-0.989943503,0.1875,-0.036708861
372,29Q272,1.126760563,1.057803468,TRUE,Q,0.647,-0.21686747,-0.984181818,-0.041666667,-0.050599201
373,29Q283,0.906426156,0.862318841,TRUE,Q,0.593,0.067049808,-0.989668874,2.727272727,-0.02300406
374,29Q492,0.939106901,1.004920049,TRUE,Q,0.753,-0.036057692,-0.98969697,1.866666667,0.009791922
375,29Q498,0.871886121,1.060723514,TRUE,Q,0.726,-0.274853801,-0.989876543,2.290322581,0.137931034
376,30Q286,0.951,1.001025641,FALSE,Q,0.697,0.003472222,-0.982696629,-0.114285714,-0.047794118
377,30Q301,0.988752556,0.985887097,TRUE,Q,0.617,0.165957447,-0.988508287,0.384615385,-0.046715328
378,30Q445,0.869853918,0.961587708,FALSE,Q,0.818,-0.1294252,-0.988582677,-0.041916168,0.163911846
379,30Q450,0.771131339,0.952445652,TRUE,Q,0.827,-0.126090404,-0.989509202,-0.192307692,0.05964467
380,30Q501,1.001062699,1.017453799,TRUE,Q,0.355,0.125661376,-0.964807692,0.5,-0.134517766
381,30Q502,0.87664042,0.936579841,TRUE,Q,0.786,0.060869565,-0.988101266,-0.364485981,-0.035670357
382,30Q555,1.016081871,0.935757576,TRUE,Q,0.95,-0.147470398,-0.988181818,-0.148105626,-0.015250545
383,30Q575,0.952479339,1.01875,TRUE,Q,0.552,0.265432099,-0.990833333,-0.515151515,-0.139534884
384,30Q580,0.99898167,1,FALSE,Q,0.441,0.114,-0.846666667,inf,-0.006726457
385,31R047,0.967,0.967,TRUE,R,0.404,-0.075901328,-0.990552147,-0.5,0.148401826
386,31R064,0.852090032,0.906218145,TRUE,R,0.442,-0.100642398,-0.987012987,2.5,-0.029411765
387,31R080,0.976719577,0.971252567,TRUE,R,0.497,0.051886792,-0.98742616,0,-0.044534413
388,31R440,0.857819905,0.95215311,TRUE,R,0.565,0.136064375,-0.988041237,0,0.069084629
389,31R445,0.832409972,0.924731183,TRUE,R,0.763,-0.128205128,-0.988834586,0.854545455,0.170658683
390,31R450,0.996207332,1.018891688,FALSE,R,0.747,0.033388982,-0.99010582,0.5,0.029490617
391,31R455,0.899022801,0.969465649,TRUE,R,0.348,-0.066464493,-0.98627451,0.9,0.167741935
392,31R460,0.918274688,0.948775056,FALSE,R,0.53,-0.007801214,-0.989054726,0.03125,0.005263158
393,31R470,1.539007092,0.941074523,FALSE,R,0.858,0.053254438,-0.985955882,1.833333333,0.344497608
394,31R600,0.810626703,0.836124402,FALSE,R,0.752,0.313291139,-0.987104247,1.464285714,0.063037249
395,31R605,0.996,1,FALSE,R,0.378,0.08097166,-0.987272727,-1,0.353312303
396,32K403,1.051675978,1.058290155,TRUE,K,0.94,-0.178977273,-0.993112033,0.336787565,0.321888412
397,32K545,0.841596131,1.0505689,FALSE,K,0.903,-0.101364522,-0.987487437,-0.058823529,-0.05483871
398,32K549,0.758241758,0.909323116,TRUE,K,0.944,-0.199519231,-0.98965,1.47826087,0.121751026
399,32K552,0.616522811,0.714805825,TRUE,K,0.899,-0.083067093,-0.99147482,-0.069444444,-0.07253886
400,32K554,0.987792472,0.996919918,FALSE,K,0.698,0.3003003,-0.974561404,1.133333333,-0.106593407
401,32K556,0.904392765,0.943069307,FALSE,K,0.94,-0.063535912,-0.988047619,0.69375,-0.006276151
402,32K564,0.491803279,0.932346723,TRUE,K,0.904,-0.347560976,-0.976131387,2.095238095,0.348091603